uri	date	title	shelfmark	holder	status	row_id	note
http://kalliope-verbund.info/CH-002121-2-991170522139805501	1813	Almanach oder Geschäfts-Kalender für alle Stände auf das Jahr 1813 / [genutzt von] Johann Heinrich Jung-Stilling	UBH NL 67 : Nachtrag B:3	Basel UB	excluded		noise: modern correspondence, no cipher term in title beyond query keyword coincidence
http://kalliope-verbund.info/DE-611-HS-2910521	1704-10-04	Brief von Daniel Ernst Jablonski an Paul v. Radai.	Nachl. August Hermann Francke, 11,2/14 : 71	Staatsbibliothek zu Berlin. Handschriftenabteilung	excluded		noise or not correspondence (foliation/numeral/medieval-ms sense of query term, or unrelated hit)
http://kalliope-verbund.info/DE-611-HS-3794294	1984-04-11	Geheimschrift (Drucktitel)	2020.0023,279	Internationale Jugendbibliothek	excluded		noise or not correspondence (foliation/numeral/medieval-ms sense of query term, or unrelated hit)
http://kalliope-verbund.info/CH-002121-2-991170453696005501	1806	Tagebuch auf das Jahr 1806 / Jung-Stilling	UBH NL 67 : Nachtrag B:2	Basel UB	excluded		noise: modern correspondence, no cipher term in title beyond query keyword coincidence
http://kalliope-verbund.info/DE-611-HS-2910525	1704-11-08	Brief von Daniel Ernst Jablonski an Paul v. Radai.	Nachl. August Hermann Francke, 11,2/14 : 75	Staatsbibliothek zu Berlin. Handschriftenabteilung	excluded		noise or not correspondence (foliation/numeral/medieval-ms sense of query term, or unrelated hit)
http://kalliope-verbund.info/CH-002121-2-991170522139905501	1799	Hessischer Schreib-Almanach auf das Jahr Christi MDCCXCIX : Denen Collegiis sowol, als Gelehrten und Schreibern, wie auch Kauf- und Handwerksleuten, zum bequemen Gebrauch Wochenweise eingerichtet. : Nebst einer Nachricht, wie die sämtlichen Posten in der Residenzstadt Cassel abgehen und ankommen; und einem accuraten Verzeichnis, was, und wie viel für abzusendende Briefe und Acten, bey dem hiesigen Ober-Postamte bezahlet wird. / [genutzt von] Johann Heinrich Jung-Stilling	UBH NL 67 : Nachtrag B:1	Basel UB	excluded		noise or not correspondence (foliation/numeral/medieval-ms sense of query term, or unrelated hit)
http://kalliope-verbund.info/DE-611-HS-2910511	1704-06-24	Brief von Daniel Ernst Jablonski an Paul von Radai.	Nachl. August Hermann Francke, 11,2/14 : 62	Staatsbibliothek zu Berlin. Handschriftenabteilung	excluded		noise or not correspondence (foliation/numeral/medieval-ms sense of query term, or unrelated hit)
http://kalliope-verbund.info/DE-611-HS-2910540	1705-04-18	Brief von Daniel Ernst Jablonski an Paul v. Radai.	Nachl. August Hermann Francke, 11,2/15 : 13	Staatsbibliothek zu Berlin. Handschriftenabteilung	excluded		noise or not correspondence (foliation/numeral/medieval-ms sense of query term, or unrelated hit)
http://kalliope-verbund.info/CH-002121-2-991170525490805501	1559-02-04	Brief an Ambrosius Blaurerus / von J[ohannes] Hallerus	VadSlg Ms 37:216	St. Gallen KB Vadiana	excluded		noise or not correspondence (foliation/numeral/medieval-ms sense of query term, or unrelated hit)
http://kalliope-verbund.info/DE-611-HS-2910535	1705-03-13	Brief von Daniel Ernst Jablonski an Paul v. Radai.	Nachl. August Hermann Francke, 11,2/15 : 8	Staatsbibliothek zu Berlin. Handschriftenabteilung	excluded		noise or not correspondence (foliation/numeral/medieval-ms sense of query term, or unrelated hit)
http://kalliope-verbund.info/DE-611-HS-2910745	1712-01-05	Brief von Daniel Ernst Jablonski an Franz II. Rákóczy.	Nachl. August Hermann Francke, 11,2/17 : 91	Staatsbibliothek zu Berlin. Handschriftenabteilung	excluded		noise or not correspondence (foliation/numeral/medieval-ms sense of query term, or unrelated hit)
http://kalliope-verbund.info/CH-002121-2-991170478248605501	1548-01-05	Brief an [Wolfgangus] Musculus / von [Iacobus Sturmius]	StBZ Pa 14:1,179 (189)	Zofingen SB	excluded		noise or not correspondence (foliation/numeral/medieval-ms sense of query term, or unrelated hit)
http://kalliope-verbund.info/DE-611-HS-2910627	1706-12-07	Brief von Daniel Ernst Jablonski an Paul v. Radai.	Nachl. August Hermann Francke, 11,2/16 : 42	Staatsbibliothek zu Berlin. Handschriftenabteilung	excluded		noise or not correspondence (foliation/numeral/medieval-ms sense of query term, or unrelated hit)
http://kalliope-verbund.info/DE-MUS-853418-D0059341		Dokument	A/2629/2010	Stadtgeschichtliches Museum Leipzig	excluded		noise or not correspondence (foliation/numeral/medieval-ms sense of query term, or unrelated hit)
http://kalliope-verbund.info/CH-002121-2-991170512783205501	1549-01-01	Gedicht / von Th[omas] Bl[aurerus]	VadSlg Ms 36:1	St. Gallen KB Vadiana	excluded		noise or not correspondence (foliation/numeral/medieval-ms sense of query term, or unrelated hit)
http://kalliope-verbund.info/CH-002121-2-991170525605105501	1557-01-13	Brief an [Joannes Gervicus Blaurerus] / von A[mbrosius] Bl[aurerus]	VadSlg Ms 37:119	St. Gallen KB Vadiana	excluded		noise or not correspondence (foliation/numeral/medieval-ms sense of query term, or unrelated hit)
http://kalliope-verbund.info/DE-611-HS-2910560	1705-09-11	Brief von Daniel Ernst Jablonski an Paul v. Radai.	Nachl. August Hermann Francke, 11,2/15 : 33	Staatsbibliothek zu Berlin. Handschriftenabteilung	excluded		noise or not correspondence (foliation/numeral/medieval-ms sense of query term, or unrelated hit)
http://kalliope-verbund.info/CH-002121-2-991170516268705501	1555-08-22	Brief an [Joannes Gervicus Blaurerus] / von Ambrosius Blaurerus	VadSlg Ms 37:67	St. Gallen KB Vadiana	excluded		noise or not correspondence (foliation/numeral/medieval-ms sense of query term, or unrelated hit)
http://kalliope-verbund.info/CH-002121-2-991170517547805501	1557-10-01	Brief an [Joannes Gervicus et Diethelmus Blaureri] / von Ambrosius Blaurerus	VadSlg Ms 37:163b	St. Gallen KB Vadiana	excluded		noise or not correspondence (foliation/numeral/medieval-ms sense of query term, or unrelated hit)
http://kalliope-verbund.info/DE-611-HS-3252191	1726-04-13	Brief von August Hermann Francke an Karl Leopold v. Mecklenburg-Schwerin.	AFSt/H  A 149 : 9	Franckesche Stiftungen, Studienzentrum August Hermann Francke, Archiv und Bibliothek	excluded		noise or not correspondence (foliation/numeral/medieval-ms sense of query term, or unrelated hit)
http://kalliope-verbund.info/DE-2060-BE-25-349305-198474		Geheimschrift WA: e; vgl. I 6,347-349 Abschrift Druckvorlage zu C.1 Bd 5, 1827	GSA 25/W 14,2, Blatt 162	Goethe- und Schiller-Archiv / Klassik Stiftung Weimar	excluded		noise or not correspondence (foliation/numeral/medieval-ms sense of query term, or unrelated hit)
http://kalliope-verbund.info/CH-000015-0-1588201	1943	Hohl, Ludwig: Griechisches Alphabet (Titel)	SLA-Hohl-E-01-c-A-4-2, Kasten 272	Schweizerisches Literaturarchiv (SLA)	excluded		noise: modern correspondence, no cipher term in title beyond query keyword coincidence
http://kalliope-verbund.info/DE-611-HS-2111561		Div. Sonderdrucke etwa bis 1940, auch Dissertation 1908 (Manuskripttitel)	Heid. Hs. 3763 II E - 5, Blatt 1-16	Universitätsbibliothek Heidelberg	excluded		noise or not correspondence (foliation/numeral/medieval-ms sense of query term, or unrelated hit)
http://kalliope-verbund.info/DE-MUS-853418-Z0055053		Manuskript	A/8075/2006	Stadtgeschichtliches Museum Leipzig	excluded		noise or not correspondence (foliation/numeral/medieval-ms sense of query term, or unrelated hit)
http://kalliope-verbund.info/DE-2060-BE-25-350199	21. 9. 1815	Geheimschrift (Laßt euch, o Diplomaten! . . .) WA I 6, 191-192 WA: R Reinschrift egh ohne Titel, 21. 9. 1815	GSA 25/W 898	Goethe- und Schiller-Archiv / Klassik Stiftung Weimar	excluded		noise or not correspondence (foliation/numeral/medieval-ms sense of query term, or unrelated hit)
http://kalliope-verbund.info/DE-611-HS-1299228		Sammlung über Steganographie oder Geheimschriften (Buchauszüge).	La 120 Bü 629	Hohenlohe-Zentralarchiv Neuenstein	excluded		noise or not correspondence (foliation/numeral/medieval-ms sense of query term, or unrelated hit)
http://kalliope-verbund.info/DE-611-HS-1105837	1775-08-16	Predikt (Ansetzungssachtitel von Bearbeiter/in)	Slg. Darmstaedter 2d 1770: Langdon, Samuel, Blatt 1-8	Staatsbibliothek zu Berlin. Handschriftenabteilung	excluded		noise or not correspondence (foliation/numeral/medieval-ms sense of query term, or unrelated hit)
http://kalliope-verbund.info/DE-2060-BE-165-439854	1934	"Unbekannter Verfasser, ""Bacons Geheimschrift"", Mitgliederversammlung der Bacon-Gesellschaft im Nietzsche-Archiv, Vortrag von Otto Altpeter, ""Allgemeine Thüringische Landeszeitung Deutschland"", 23.04.1934, Weimar. - ""Thüringische Staatszeitung"", 23.04.1934, Weimar"	GSA 165/946	Goethe- und Schiller-Archiv / Klassik Stiftung Weimar	excluded		noise or not correspondence (foliation/numeral/medieval-ms sense of query term, or unrelated hit)
http://kalliope-verbund.info/CH-000015-0-687234	1949/1951	Ernst an Räber, Anton; Korrespondenz, En campagne; Fribourg (Titel)	SLA-Raeber-E-01-C-03-d-02-DIVE/8, Kasten 130	Schweizerisches Literaturarchiv (SLA)	excluded		noise: modern correspondence, no cipher term in title beyond query keyword coincidence
http://kalliope-verbund.info/CH-002121-2-991170517367705501	1557-11-06	Brief an [Joannes Gervicus et Diethelmus Blaureri] / von Ambr[osius] Blaurerus	VadSlg Ms 37:168	St. Gallen KB Vadiana	excluded		noise or not correspondence (foliation/numeral/medieval-ms sense of query term, or unrelated hit)
http://kalliope-verbund.info/CH-002121-2-991170501387405501	1893/1923	Geheimzeichen in Aktien und Obligationen: Schlüssel und Papierausweise von Orell Füssli	SWA PA 600 b D 0-0-1	Basel UB Wirtschaft - SWA	excluded		noise or not correspondence (foliation/numeral/medieval-ms sense of query term, or unrelated hit)
http://kalliope-verbund.info/DE-611-HS-182253		Brief von Corona Schröter an Friedrich Hildebrand von Einsiedel,	KK 4566	Goethe-Museum Düsseldorf, Anton-und-Katharina-Kippenberg-Stiftung	excluded		noise or not correspondence (foliation/numeral/medieval-ms sense of query term, or unrelated hit)
http://kalliope-verbund.info/DE-611-HS-4524704	1960-01-15	Geheimzeichen: Weisses Taschentuch?	S. Schöpper 1960/01/15 (Einheit)	Universitäts- und Landesbibliothek Münster	excluded		noise or not correspondence (foliation/numeral/medieval-ms sense of query term, or unrelated hit)
http://kalliope-verbund.info/DE-611-HS-4524705	1960-01-15	Geheimzeichen: Weisses Taschentuch?	S. Schöpper 1960/01/15 (Einheit)	Universitäts- und Landesbibliothek Münster	excluded		noise or not correspondence (foliation/numeral/medieval-ms sense of query term, or unrelated hit)
http://kalliope-verbund.info/DE-611-HS-3636381	1904	"Skizzen von Jahreszahlen, Notizen, Zeitungsausschnitt ""Die Geschichte der Ziffern"" (Ansetzungssachtitel von Bearbeiter/in)"	NaHW/23/6	Institut für Sächsische Geschichte und Volkskunde	excluded		noise: modern correspondence, no cipher term in title beyond query keyword coincidence
http://kalliope-verbund.info/DE-611-HS-3834018		[Widmung]		Franz-Michael-Felder-Archiv (Bregenz)	excluded		noise or not correspondence (foliation/numeral/medieval-ms sense of query term, or unrelated hit)
http://kalliope-verbund.info/CH-002121-2-991170492889205501	1952	[Drei rennende Welsh Corgi Pembroke Hunde]	UBH NL 224:B:IV:28	Basel UB	excluded		noise: modern correspondence, no cipher term in title beyond query keyword coincidence
http://kalliope-verbund.info/CH-000015-0-682967	1946/1971	Buttersack, Felix an Zbinden, Hans; Korrespondenz, München (Titel)	SLA-Zbinden-B-2-BUT, Kasten 60	Schweizerisches Literaturarchiv (SLA)	excluded		noise: modern correspondence, no cipher term in title beyond query keyword coincidence
http://kalliope-verbund.info/DE-611-BF-29895		"Manuskripte von Konrad Schilling zu der Liedpublikation ""Der Turm"""	S 0179	Albert-Ludwigs-Universität Freiburg. Zentrum für Populäre Kultur und Musik	excluded		noise or not correspondence (foliation/numeral/medieval-ms sense of query term, or unrelated hit)
http://kalliope-verbund.info/DE-611-HS-2267369	1832	[Katalog der Sammlung Poelchau] Die handschriftlichen praktischen Wercke. | Berlin den 8ten Mai 1832 (Manuskripttitel)	Mus.ms.theor. Kat. 41	Staatsbibliothek zu Berlin. Musikabteilung	excluded		noise: modern correspondence, no cipher term in title beyond query keyword coincidence
http://kalliope-verbund.info/DE-611-HS-2430360	1439	Die sieben Psalmen (Ansetzungssachtitel von Bearbeiter/in)	Mscr.Dresd.M.286	Sächsische Landesbibliothek - Staats- und Universitätsbibliothek Dresden	excluded		noise or not correspondence (foliation/numeral/medieval-ms sense of query term, or unrelated hit)
http://kalliope-verbund.info/DE-611-HS-3794179	1455	Formularbuch	8 Cod. Ms. jurid. 94	Niedersächsische Staats- und Universitätsbibliothek Göttingen	excluded		noise or not correspondence (foliation/numeral/medieval-ms sense of query term, or unrelated hit)
http://kalliope-verbund.info/DE-611-HS-4266785	1558	Stammbucheintrag des Adam Seenuss	Inc.typ.Ic.IV.29, Seite 79	Staatsbibliothek Bamberg	excluded		noise or not correspondence (foliation/numeral/medieval-ms sense of query term, or unrelated hit)
http://kalliope-verbund.info/DE-611-HS-3897814	1940-05-19	Sappho [12 Sonnette]	BOR : Acb 26 : 1-4	Staats- und Universitätsbibliothek Hamburg Carl von Ossietzky	excluded		noise: modern correspondence, no cipher term in title beyond query keyword coincidence
http://kalliope-verbund.info/DE-611-HS-3311357	1528/1556	Meistergesangbuch (Ansetzungssachtitel von Bearbeiter/in)	Mscr.Dresd.M.193	Sächsische Landesbibliothek - Staats- und Universitätsbibliothek Dresden	excluded		noise or not correspondence (foliation/numeral/medieval-ms sense of query term, or unrelated hit)
http://kalliope-verbund.info/DE-611-HS-2445110	1554	Meisterliedersammlung (Ansetzungssachtitel von Bearbeiter/in)	Mscr.Dresd.M.12	Sächsische Landesbibliothek - Staats- und Universitätsbibliothek Dresden	excluded		noise or not correspondence (foliation/numeral/medieval-ms sense of query term, or unrelated hit)
http://kalliope-verbund.info/DE-611-HS-3800088	1470	Geomantische Sammelhandschrift	2 Cod. Ms. philos. 47	Niedersächsische Staats- und Universitätsbibliothek Göttingen	excluded		noise or not correspondence (foliation/numeral/medieval-ms sense of query term, or unrelated hit)
http://kalliope-verbund.info/DE-611-HS-3563081	1550/1600	Turnierchronik	2 Cod. Ms. hist. 98	Niedersächsische Staats- und Universitätsbibliothek Göttingen	excluded		noise or not correspondence (foliation/numeral/medieval-ms sense of query term, or unrelated hit)
http://kalliope-verbund.info/DE-611-HS-3746328	1938	"Handschriftliches Liederbuch ""Lieder"" (Manuskripttitel)"	HL 734	Albert-Ludwigs-Universität Freiburg. Zentrum für Populäre Kultur und Musik	excluded		noise: modern correspondence, no cipher term in title beyond query keyword coincidence
http://kalliope-verbund.info/DE-611-HS-3800082	1440/1450	Juristische Sammelhandschrift	2 Cod. Ms. jurid. 60	Niedersächsische Staats- und Universitätsbibliothek Göttingen	excluded		noise or not correspondence (foliation/numeral/medieval-ms sense of query term, or unrelated hit)
http://kalliope-verbund.info/DE-611-HS-1784221	1826	"Handschriftliches Liederbuch ""Teutsche Lieder"" [Manuskripttitel]"	HL 633	Albert-Ludwigs-Universität Freiburg. Zentrum für Populäre Kultur und Musik	excluded		noise: modern correspondence, no cipher term in title beyond query keyword coincidence
http://kalliope-verbund.info/DE-611-HS-1502892	1888-05-07	Fünf Liederhefte der Volkssängerin Anna Weishaupt [Titel von Bearbeiterin]	Bl 6360	Albert-Ludwigs-Universität Freiburg. Zentrum für Populäre Kultur und Musik	excluded		noise: modern correspondence, no cipher term in title beyond query keyword coincidence
http://kalliope-verbund.info/DE-611-HS-3753294	1440	Buch der Natur	4 Cod. Ms. hist. nat. 88	Niedersächsische Staats- und Universitätsbibliothek Göttingen	excluded		noise or not correspondence (foliation/numeral/medieval-ms sense of query term, or unrelated hit)
http://kalliope-verbund.info/DE-611-HS-3740251	1464	L'arbre des batailles [Bl. 1r - 69r]	4 Cod. Ms. hist. 839	Niedersächsische Staats- und Universitätsbibliothek Göttingen	excluded		noise or not correspondence (foliation/numeral/medieval-ms sense of query term, or unrelated hit)
http://kalliope-verbund.info/CH-000015-0-620962	1971/1973	Dürrenmatt, Friedrich: Blindband Charlotte Kerr Nr. 1 (Titel)	SLA-FD-E-48-A-04-d-01, Kasten 470	Schweizerisches Literaturarchiv (SLA)	excluded		noise: modern correspondence, no cipher term in title beyond query keyword coincidence
http://kalliope-verbund.info/DE-611-HS-3794232	1400/1425	Oberbayrisches Landrecht	2 Cod. Ms. jurid. 418	Niedersächsische Staats- und Universitätsbibliothek Göttingen	excluded		noise or not correspondence (foliation/numeral/medieval-ms sense of query term, or unrelated hit)
http://kalliope-verbund.info/DE-611-HS-3560553	1301/1400	Cursor mundi (Einheitstitel von Bearbeiter/in)	2 Cod. Ms. theol. 107 r Cim.	Niedersächsische Staats- und Universitätsbibliothek Göttingen	excluded		noise or not correspondence (foliation/numeral/medieval-ms sense of query term, or unrelated hit)
http://kalliope-verbund.info/DE-611-HS-3768431	1460/1465	Psalter	8 Cod. Ms. theol. 215	Niedersächsische Staats- und Universitätsbibliothek Göttingen	excluded		noise or not correspondence (foliation/numeral/medieval-ms sense of query term, or unrelated hit)
http://kalliope-verbund.info/DE-611-HS-3578736	1874/1881	"Handschriftliches Liederbuch ""Anna Schmidt 1878"" [Titel von Bearbeiter*in] (Manuskripttitel)"	HL 730	Albert-Ludwigs-Universität Freiburg. Zentrum für Populäre Kultur und Musik	excluded		noise: modern correspondence, no cipher term in title beyond query keyword coincidence
http://kalliope-verbund.info/DE-611-HS-3800090	1430/1460	Juristische Sammelhandschrift	2 Cod. Ms. jurid. 385	Niedersächsische Staats- und Universitätsbibliothek Göttingen	excluded		noise or not correspondence (foliation/numeral/medieval-ms sense of query term, or unrelated hit)
http://kalliope-verbund.info/DE-611-HS-3749884	1360/1420	Sachsenspiegel-Landrecht mit Glosse	2 Cod. Ms. jurid. 392	Niedersächsische Staats- und Universitätsbibliothek Göttingen	excluded		noise or not correspondence (foliation/numeral/medieval-ms sense of query term, or unrelated hit)
http://kalliope-verbund.info/DE-611-HS-4176221	1630/1633	Stammbuch eines Unbekannten	Msc.Add.2212	Staatsbibliothek Bamberg	excluded		noise or not correspondence (foliation/numeral/medieval-ms sense of query term, or unrelated hit)
http://kalliope-verbund.info/DE-611-HS-3744913	1470	Reisebeschreibung des John von Mandeville in Übersetzung von Michel Velser [Bl. 1ra–72rb]	4 Cod. Ms. hist. 823	Niedersächsische Staats- und Universitätsbibliothek Göttingen	excluded		noise or not correspondence (foliation/numeral/medieval-ms sense of query term, or unrelated hit)
http://kalliope-verbund.info/DE-611-HS-3578791	1841	"""Liederbuch für Carl Fleckenhaus auf der Beyeröhde 1841“ (Manuskripttitel)"	HL 729	Albert-Ludwigs-Universität Freiburg. Zentrum für Populäre Kultur und Musik	excluded		noise: modern correspondence, no cipher term in title beyond query keyword coincidence
http://kalliope-verbund.info/CH-002121-2-ZBC63cf86b536d443f3b00b57ccd32ad325	1500/1599	Herzog Ulrich von Württemberg an Ulrich Zwingli?	Ms F 46.202	ZB Zürich	kept	K4	
http://kalliope-verbund.info/CH-002121-2-ZBCb0983abd4cda4e25b2ec4c18a151b83a	1531	Herzog Ulrich von Württemberg an Ulrich Zwingli?	Ms F 46.186	ZB Zürich	kept	K3	
http://kalliope-verbund.info/CH-002121-2-ZBC73e7677281a24c689e4d1c1e2a9dd36d	1587	Augerius Ghislen de Busbecke an Kaiser Rudolf II. von Habsburg, König von Ungarn und Böhmen	Ms F 42.5	ZB Zürich	kept	K1	
http://kalliope-verbund.info/DE-2060-BE-161-415611		Brief(e) von Eckermann, Johann Peter an Goethe, Ottilie von geb. von Pogwisch	GSA 161/213	Goethe- und Schiller-Archiv / Klassik Stiftung Weimar	excluded		noise or not correspondence (foliation/numeral/medieval-ms sense of query term, or unrelated hit)
http://kalliope-verbund.info/DE-2060-BE-161-415611-108471		Brief von Eckermann, Johann Peter an Goethe, Ottilie von geb. von Pogwisch	GSA 161/213, Blatt 	Goethe- und Schiller-Archiv / Klassik Stiftung Weimar	excluded		noise or not correspondence (foliation/numeral/medieval-ms sense of query term, or unrelated hit)
http://kalliope-verbund.info/DE-611-HS-1764749	1813-07-04	Brief von Theodor Körner an Christian Gottfried Körner, 04.07.1813 [4.VII.1813]	Koer 2	Landesbibliothek Mecklenburg-Vorpommern Günther Uecker	excluded		noise: modern correspondence, no cipher term in title beyond query keyword coincidence
http://kalliope-verbund.info/DE-611-HS-3319630	1877-05-09	Brief von Johannes Volkelt an Meta Volkelt, 09.05.1877	NL 270/187	Universitätsbibliothek Leipzig	excluded		noise: modern correspondence, no cipher term in title beyond query keyword coincidence
http://kalliope-verbund.info/DE-611-HS-3319642	1877-05-12	Brief von Johannes Volkelt an Meta Volkelt, 12.05.1877	NL 270/190	Universitätsbibliothek Leipzig	excluded		noise: modern correspondence, no cipher term in title beyond query keyword coincidence
http://kalliope-verbund.info/DE-611-HS-3319658	1877-05-15	Brief von Johannes Volkelt an Meta Volkelt, 15.05.1877	NL 270/193	Universitätsbibliothek Leipzig	excluded		noise: modern correspondence, no cipher term in title beyond query keyword coincidence
http://kalliope-verbund.info/DE-611-HS-3319669	1877-05-17	Brief von Johannes Volkelt an Meta Volkelt, 17.05.1877	NL 270/195	Universitätsbibliothek Leipzig	excluded		noise: modern correspondence, no cipher term in title beyond query keyword coincidence
http://kalliope-verbund.info/DE-611-HS-3319683	1877-05-20	Brief von Johannes Volkelt an Meta Volkelt, 20.05.1877	NL 270/198	Universitätsbibliothek Leipzig	excluded		noise: modern correspondence, no cipher term in title beyond query keyword coincidence
http://kalliope-verbund.info/DE-611-HS-3319701	1877-05-23	Brief von Johannes Volkelt an Meta Volkelt, 23.05.1877	NL 270/201	Universitätsbibliothek Leipzig	excluded		noise: modern correspondence, no cipher term in title beyond query keyword coincidence
http://kalliope-verbund.info/DE-611-HS-3319712	1877-05-26	Brief von Johannes Volkelt an Meta Volkelt, 26.05.1877	NL 270/204	Universitätsbibliothek Leipzig	excluded		noise: modern correspondence, no cipher term in title beyond query keyword coincidence
http://kalliope-verbund.info/DE-611-HS-3319723	1877-05-29	Brief von Johannes Volkelt an Meta Volkelt, 29.05.1877	NL 270/207	Universitätsbibliothek Leipzig	excluded		noise: modern correspondence, no cipher term in title beyond query keyword coincidence
http://kalliope-verbund.info/DE-611-HS-3319724	1877-05-30	Brief von Johannes Volkelt an Meta Volkelt, 30.05.1877	NL 270/208	Universitätsbibliothek Leipzig	excluded		noise: modern correspondence, no cipher term in title beyond query keyword coincidence
http://kalliope-verbund.info/DE-611-HS-3319813	1877-06-09	Brief von Johannes Volkelt an Meta Volkelt, 09.06.1877	NL 270/216	Universitätsbibliothek Leipzig	excluded		noise: modern correspondence, no cipher term in title beyond query keyword coincidence
http://kalliope-verbund.info/DE-611-HS-3319839	1877-06-20	Brief von Johannes Volkelt an Meta Volkelt, 20.06.1877	NL 270/225	Universitätsbibliothek Leipzig	excluded		noise: modern correspondence, no cipher term in title beyond query keyword coincidence
http://kalliope-verbund.info/DE-611-HS-1566266	1934-01-22	Brief von Franz Hildebrandt an Dietrich Bonhoeffer, 22.01.1934 [datiert von Eberhard Bethge]	Nachl. 299, A41,9(8), Blatt 11	Staatsbibliothek zu Berlin. Handschriftenabteilung	excluded		noise: modern correspondence, no cipher term in title beyond query keyword coincidence
http://kalliope-verbund.info/DE-611-HS-3319623	1877-05-06	Brief von Johannes Volkelt an Meta Volkelt, 06.05.1877	NL 270/185	Universitätsbibliothek Leipzig	excluded		noise: modern correspondence, no cipher term in title beyond query keyword coincidence
http://kalliope-verbund.info/DE-611-HS-2775197	1936-04-16	Brief von Manfred Hausmann an Mieke Vogeler-Regler, 16.04.1936	Laslle-GR-PN-18-60	Literaturarchiv Saar-Lor-Lux-Elsass	excluded		noise: modern correspondence, no cipher term in title beyond query keyword coincidence
http://kalliope-verbund.info/DE-611-HS-2711530	1938-12-15	Brief an [Otto] Toeplitz	NL Toeplitz B	Universitäts- und Landesbibliothek Bonn	excluded		noise: modern correspondence, no cipher term in title beyond query keyword coincidence
http://kalliope-verbund.info/DE-611-HS-1769706	1811-08-28	Brief an Wessenberg	D 448 1	Stadtarchiv Konstanz	excluded		noise: modern correspondence, no cipher term in title beyond query keyword coincidence
http://kalliope-verbund.info/DE-611-HS-3044308	1819-04-06	Brief von Ernst zu Münster an August Kestner, 06.04.1819	Slg. Kestner/III/B/III/38/Nr. 6, Mappe 38, Blatt Nr. 6	Universitätsbibliothek Leipzig	excluded		noise: modern correspondence, no cipher term in title beyond query keyword coincidence
http://kalliope-verbund.info/DE-611-HS-3090187	1699-11-08	Brief von E. M. E. an Unbekannt, 08.11.1699 [Vorlage: B. den 8. Nov. 99.]	Chart. A 299, S. 39-42	Forschungsbibliothek Gotha	excluded		noise or not correspondence (foliation/numeral/medieval-ms sense of query term, or unrelated hit)
http://kalliope-verbund.info/DE-611-HS-3411194	1780	Brief von Prinz Sachsen-Gotha-Altenburg August an Johann Gottfried von Herder, 1780	Chart. A 2059 III, Bl. 67r-70r	Forschungsbibliothek Gotha	excluded		noise or not correspondence (foliation/numeral/medieval-ms sense of query term, or unrelated hit)
http://kalliope-verbund.info/DE-611-HS-2864838	1804-11-06	Politische und diplomatische Nachrichten aus ganz Europa (Ansetzungssachtitel von Bearbeiter/in)	P 1828 4	Stadtarchiv Konstanz	excluded		noise: modern correspondence, no cipher term in title beyond query keyword coincidence
http://kalliope-verbund.info/DE-611-HS-2795262	1933-10-29	Brief von Martha Vogeler an Mieke Vogeler-Regler und Gustav Regler, 29.10.1933	Laslle-GR-PN-15-7	Literaturarchiv Saar-Lor-Lux-Elsass	excluded		noise: modern correspondence, no cipher term in title beyond query keyword coincidence
http://kalliope-verbund.info/DE-611-HS-2715767	1850-09	Brief an [Adolf Strodtmann]	S 1218 (1 Bl. 85; 88)	Universitäts- und Landesbibliothek Bonn	excluded		noise: modern correspondence, no cipher term in title beyond query keyword coincidence
http://kalliope-verbund.info/DE-611-BF-107966	1937/1974	Teilnachlass Bergholz, Harry		Institut für Zeitgeschichte München-Berlin	excluded		modern literary Nachlass, not a historical cipher letter
http://kalliope-verbund.info/DE-611-HS-3930360	1897-10-17	Postkarte an Richard Dehmel	DA : Br : B : 624	Staats- und Universitätsbibliothek Hamburg Carl von Ossietzky	excluded		noise: modern correspondence, no cipher term in title beyond query keyword coincidence
http://kalliope-verbund.info/DE-611-HS-2869346	1798-07-17	"Bericht über zwei Meinungen ""sur l'objet et le résultat de la Mission de prince Repnin""; diplomatische Überlegungen zur Lage in Europa; im Nachtrag chiffrierte und nicht chiffrierte Tagesnachrichten (Ansetzungssachtitel von Bearbeiter/in)"	P 1839 5	Stadtarchiv Konstanz	kept	K2	
http://kalliope-verbund.info/CH-002121-2-991170472951005501	1551-03-12	Brief / von Anna Montmorency	VadSlg NL 202 : 30 : 77f	St. Gallen KB Vadiana	excluded		noise or not correspondence (foliation/numeral/medieval-ms sense of query term, or unrelated hit)
http://kalliope-verbund.info/DE-611-HS-3137305	o.D.	Chiffrierte Benediktion mit vierfachem Bezug auf das Blut Christi (Ansetzungssachtitel von Bearbeiter/in)	Chart. A 299, S. 675-676	Forschungsbibliothek Gotha	excluded		noise or not correspondence (foliation/numeral/medieval-ms sense of query term, or unrelated hit)
http://kalliope-verbund.info/DE-611-HS-1768183	1802-03-17	Brief an Wessenberg	A 33 12	Stadtarchiv Konstanz	excluded		noise: modern correspondence, no cipher term in title beyond query keyword coincidence
http://kalliope-verbund.info/DE-611-HS-1768865	1802-02-25	Brief an Wessenberg	A 33 11	Stadtarchiv Konstanz	excluded		noise: modern correspondence, no cipher term in title beyond query keyword coincidence
http://kalliope-verbund.info/DE-611-BF-110180	1807/1813	Nachlass Schöler, Friedrich von		Geheimes Staatsarchiv Preußischer Kulturbesitz	excluded		modern literary Nachlass, not a historical cipher letter
http://kalliope-verbund.info/DE-MUS-853418-Z0095108	1864/1864	Brief	A/2011/3013	Stadtgeschichtliches Museum Leipzig	excluded		noise: modern correspondence, no cipher term in title beyond query keyword coincidence
http://kalliope-verbund.info/DE-611-HS-918605	1752-06-19	Brief von König Frankreich Ludwig XV. an Touche de la M., 19.06.1752		Kunstsammlungen der Veste Coburg	excluded		noise or not correspondence (foliation/numeral/medieval-ms sense of query term, or unrelated hit)
http://kalliope-verbund.info/DE-611-HS-3905863	1784-09-05	Stammbucheintrag	Cod. Stammb. 49 (7-8)	Staats- und Universitätsbibliothek Hamburg Carl von Ossietzky	excluded		noise or not correspondence (foliation/numeral/medieval-ms sense of query term, or unrelated hit)
http://kalliope-verbund.info/DE-611-HS-2869939	1798-10-26	Chiffrierter Brief mit der Bitte um Auskunft über die Reaktionen in Berlin auf französische Truppenbewegungen am Rhein; Anweisungen zum weiteren Vorgehen (Ansetzungssachtitel von Bearbeiter/in)	P 1839 21	Stadtarchiv Konstanz	kept	K2	
http://kalliope-verbund.info/DE-611-HS-2872477	1799-02-13	Korrespondenzlücke seit dem 5. Pluviose; Neuigkeiten zu Sieyès' Bruder; keine Neuigkeiten aus Wien oder Rastatt; zu Kriegszwängen und Friedenswünschen (Ansetzungssachtitel von Bearbeiter/in)	P 1839 41	Stadtarchiv Konstanz	excluded		noise or not correspondence (foliation/numeral/medieval-ms sense of query term, or unrelated hit)
http://kalliope-verbund.info/DE-611-HS-2871634	1798-12-01	"Reaktion auf ein Schreiben Marragons aus Hamburg zur Verhaftung zweier britischer Offiziere in französischen Diensten, ""un crime civil et une hostilité politique""; Forderung einer unparteiischen und neutralen Haltung des Senats (Ansetzungssachtitel von Bearbeiter/in)"	P 1839 28	Stadtarchiv Konstanz	excluded		noise or not correspondence (foliation/numeral/medieval-ms sense of query term, or unrelated hit)
http://kalliope-verbund.info/DE-611-BF-85387	1741/1743	01.29.02 Sammlunge von Krieges Commissariat und Landt-Sachen. Neun und Zwantzigster Theil. 2te Abtheilunge	Ms XXIII, 1234:29,2	Gottfried Wilhelm Leibniz Bibliothek - Niedersächsische Landesbibliothek	excluded		noise or not correspondence (foliation/numeral/medieval-ms sense of query term, or unrelated hit)
http://kalliope-verbund.info/DE-611-HS-4027869		Originale Quellen zur Reformationsgeschichte 1512-1554 (Ansetzungssachtitel von Bearbeiter/in)		Staatsbibliothek zu Berlin. Handschriftenabteilung	excluded		noise or not correspondence (foliation/numeral/medieval-ms sense of query term, or unrelated hit)
http://kalliope-verbund.info/CH-002121-2-991170514782805501	1722-04-04	Brief an Johann Burckhard Mencke / von Johann I Bernoulli	UBH L Ia 674:Bl.162-163	Basel UB	excluded		noise or not correspondence (foliation/numeral/medieval-ms sense of query term, or unrelated hit)
http://kalliope-verbund.info/DE-611-HS-3722353	1831/1845	"Manuscripte zu Consalvi (""Niebuhrsche Hefte"") und zu den Irrungen im Kirchenstaat, Protesta della Provincia di Bologna (1831). (Ansetzungssachtitel von Bearbeiter/in)"		Staatsbibliothek zu Berlin. Handschriftenabteilung	excluded		noise: modern correspondence, no cipher term in title beyond query keyword coincidence
http://kalliope-verbund.info/DE-611-BF-28242	1930/2007	10 Gre-Hat		Christian-Albrechts-Universität zu Kiel. Musikwissenschaftliches Institut	excluded		noise: modern correspondence, no cipher term in title beyond query keyword coincidence
http://kalliope-verbund.info/DE-611-HS-2862341	1839	Die Taubstummen-Anstalt im Pilgerhof zu Riehen bei Basel [Nachricht von der Verlegung und Vergrößerung der Anstalt,ihrer Leitung durch Inspektor Arnold, der zuvor Lehrer an der badischen Anstalt in Pforzheim gewesen sei, Bedingungen der Aufnahme neuer Zöglinge] (Manuskripttitel)	P 1821	Stadtarchiv Konstanz	excluded		noise: modern correspondence, no cipher term in title beyond query keyword coincidence
