identifier	title	collection	date	verdict	reason
BeineckeMS408_47	Beinecke MS 408, Cipher manuscript. (Known as: Voynich manuscript)	ds-legacy-data;folkscanomy_historical_texts	1401	control	CONTROL item: title:(cipher) surfaces this genuine cipher-manuscript catalogue record, confirming the search method finds real cipher manuscripts. Not a candidate: already the most-worked undeciphered script there is, and an invented script, not a chancery/diplomatic cipher in a known plaintext language (out of project genre).
memorialofharrie00chap	Memorial of Harriet Martineau : foreign life. [manuscript]	bplscas;bostonpubliclibrary;americana	1876	dropped	False positive from the brief's own suggested control query (bplscas AND cipher/cypher): "cypher" used metaphorically ("Gallatin would have the president a cypher too"), not a cipher letter.
biostor-202630	Transcript of a Curious Manuscript Work in Cypher, Supposed to be Astrological	biostor;journals	1873	out-of-scope	Printed 19th-century (Proc. Amer. Phil. Soc.) transcript of a cipher manuscript, not a digitised manuscript image; candidate for the printed-ciphertext detector lane (LANE T/S), not this brief. Same item mirrored as jstor-981646.
jstor-981646	Transcript of a Curious Manuscript Work in Cypher, Supposed to be Astrological	jstor_procamerphilsoci;jstor_ejc;journals	1873	out-of-scope	Duplicate of biostor-202630 (JSTOR mirror).
dinnissen-araujo-mirror-for-all-traitors-histo-crypt-2023	A "Mirror for All Traitors". Captured Ciphertexts from a Portuguese Spy in Dutch Brazil (1646)	opensource;community	2023	out-of-scope	HistoCrypt 2023 scholarly paper describing captured ciphertexts; a paper about ciphertexts, not itself a digitised manuscript.
Jaham	Hampton's undeciphered diary, full N-gram analysis	opensource;community	n.d.	out-of-scope	James Hampton's "Hamptonese" notebook (Smithsonian American Art Museum); crowd-uploaded N-gram analysis with page scans. Mid-20th-century American outsider-art invented script, not a chancery/diplomatic cipher in a known plaintext language; already extensively publicly covered (Smithsonian ownership, decades of press) so not a fresh find under rule 1.
verordnungbetref00denm_0	Verordnung betreffend... mit dem Königl. Chiffre distinguiret	jcbgerman;JohnCarterBrownLibrary;americana	1757	dropped	False positive: "Chiffre" = royal monogram on ship flags, not a cipher.
inquiryintonatur01smit_2	An inquiry into the nature and causes of the wealth of nations	JohnCarterBrownLibrary;americana	1776	dropped	False positive: cataloguer's note "cipher '2' added by hand in ink" refers to a printer's signature correction mark, not cryptography.
MN003278PartiallyDamagedUndecipheredSharadaManuscriptsAtKurukshetraUniversity	MN 003278 Partially Damaged Undeciphered Sharada Manuscripts At Kurukshetra University	booksbylanguage_hindi;booksbylanguage	n.d.	dropped	"Undeciphered" here means damaged/illegible in a known script (Sharada), not enciphered; a palaeography problem, not a cipher.
