catalogue	reference	title_or_desc	date	held_by_or_source	verdict	cipher_note	decipher_note	digitised	edition_risk	score
TNA Discovery	SP 99/24/251	Letter in cipher from 159.	[? 1622]	The National Archives, Kew	survives	? Wotton's hand			not assessed	
TNA Discovery	SP 78/111/135	Folio 300: Letter in cipher.	1644	The National Archives, Kew	survives					
TNA Discovery	SP 78/111/93	Folio 212: Letter entirely in cipher.	1642 Sept 20/30	The National Archives, Kew	survives					
TNA Discovery	SP 84/130/27	Folio 82: Portion in cipher concerning Mansfelt.	[1625 c Nov]	The National Archives, Kew	survives			false	medium	28
TNA Discovery	SP 78/113/123	Folio 189: Letter mostly in cipher - deciphered.	1657 May 18/28	The National Archives, Kew	survives					
TNA Discovery	SP 84/161/66	Folio 169: Letter in cipher (or shorthand.)	[1656] July 18	The National Archives, Kew	survives			false	low-medium	28
TNA Discovery	SP 77/6/229	Folio 229: Geo. Kendall to Cecil (in cipher).	1600 Nov 21/Dec 1	The National Archives, Kew	survives			false	medium	28
TNA Discovery	SP 36/74/1/60	Folio 60. Z Ball to [unknown]. In cipher.	1745 Nov 19	The National Archives, Kew	survives	API error on lookup			not assessed	
TNA Discovery	SP 78/83/62	Folio 147: Louis XIII to Cesy, partly in cipher.	1628 Aug 31/Sept 10	The National Archives, Kew	survives			false	medium	29
TNA Discovery	SP 78/113/57	Folio 106: Despatch largely in cipher from [Wm. Swyfte].	1657 Feb 24	The National Archives, Kew	survives					
TNA Discovery	SP 81/46/273	Folio 273: Portion in cipher concerning Prince Palatine and France.	[? 1639 early]	The National Archives, Kew	survives			false	medium	28
TNA Discovery	PRO 30/25/6	Letter, partly in cipher, without name or address; dated, Venice.	1634 Aug. 26	The National Archives, Kew	survives					
TNA Discovery	SP 106/40	Parchment sheet entitled 'For writing in cipher', printed with manuscript annotations.	18th century	The National Archives, Kew	survives					
TNA Discovery	SP 81/37/284	Folio 284: Duplicate of paper sent by Mr. Stanning in cipher.	[? 1631]	The National Archives, Kew	survives				not assessed	
TNA Discovery	SP 81/44/225	Folio 225: Roe to Secretary of State, with postscript in cipher.	1638 July 15/25	The National Archives, Kew	survives				not assessed	
TNA Discovery	SP 77/32/289	Folio 289: Nicholas to Sir L.R. at St. Sebastian - in cipher.	1659 Aug 6/16	The National Archives, Kew	survives				not assessed	
TNA Discovery	SP 78/69/91	Folio 214: Doncaster to Calvert - and duplicate, with advertisement in cipher (f.222).	1621 Sept 24	The National Archives, Kew	survives				not assessed	
TNA Discovery	PRO 30/50/70/8	Letter, partly in cipher. Apparently an enclosure to PRO 30/50/70/7	1600 Jan 14	The National Archives, Kew	survives	API error on lookup			not assessed	
TNA Discovery	SP 34/24/86	Folios 153-154. [?] to [?], dated at London on 10 Apr, and partly in [?cipher]:...	[?Anne]	The National Archives, Kew	survives					
TNA Discovery	SP 34/10/120A	Folio 218. Extract from a letter of Baron Malknecht to [?], partly in cipher. (French)....	1709 [Mar]	The National Archives, Kew	survives			false	medium	27
TNA Discovery	SP 54/19/98B	[?] from Seville, partially in cipher, concerning Stanhope's negotiations with Spain and also mentioning an...	1729 Oct 20	The National Archives, Kew	survives	2 papers French	cataloguer notes a decipherment/decode present		not assessed	
TNA Discovery	SP 34/24/87	Folios 155-156. [?] to [?], dated at London on 20 Feb, and partly in [?cipher]:...	[?Anne]	The National Archives, Kew	survives					
TNA Discovery	SP 87/13/76	Newcastle to Carteret (original partially in cipher): the battle [Dettingen] may lead to open war...	1743 Jul 01	The National Archives, Kew	survives					
TNA Discovery	SP 87/23/51	Chesterfield to Cumberland, partly in cipher: the king's decision on Saxe's letter will be delayed...	28 July 1747	The National Archives, Kew	survives					
TNA Discovery	SP 105/60/121	Folio 121. To Paget. Acknowledges letter from Constantinople, cover given in cipher, but has not...	1693 Nov 17/27	The National Archives, Kew	survives	Initial paras [hand of Plantamour].		false	medium	33
TNA Discovery	SP 87/40/60	Bute to Prince Ferdinand of Brunswick, partially in cipher: he has referred Ferdinand's memorandum on...	15 May 1761	The National Archives, Kew	survives					
TNA Discovery	SP 87/39/22	Holdernesse to Clavering, partially in cipher: his pleasure at the Prussian victory over General Laudohn....	26 August 1760	The National Archives, Kew	survives					
TNA Discovery	SP 87/39/7	Clavering to Holdernesse, mostly in cipher: the landgrave's fears that he will be of no...	2 July 1760	The National Archives, Kew	survives					
TNA Discovery	SP 87/40/15	Prince Ferdinand of Brunswick to Holderness, partly in cipher, enclosing a continuation of the journal...	21 February 1761	The National Archives, Kew	survives					
TNA Discovery	SP 87/39/34	Clavering to Holdernesse, partially in cipher, enclosing an account of an affair 'this side the...	23 September 1760	The National Archives, Kew	survives					
TNA Discovery	SP 87/43/3	Clavering to Bute, partly in cipher: he defends his conduct in persuading the duke of...	7 July 1761	The National Archives, Kew	survives					
TNA Discovery	SP 87/40/142	Prince Ferdinand of Brunswick to Bute, partly in cipher and enclosing states of the different...	26 November 1761	The National Archives, Kew	survives					
TNA Discovery	SP 87/40/45	Prince Ferdinand of Brunswick to Bute, mainly in cipher: he has detached the hereditary prince...	17 April 1761	The National Archives, Kew	survives					
TNA Discovery	SP 87/43/96	Clavering to Bute, partly in cipher; the count de Goes, imperial minister in Sweden, has...	20 November 1761	The National Archives, Kew	survives					
TNA Discovery	SP 87/40/139	Prince Ferdinand of Brunswick to Bute, partly in cipher: failure of a Russian attack on...	14 November 1761	The National Archives, Kew	survives					
TNA Discovery	SP 87/39/30	Clavering to Holdernesse, partially in cipher: French demands for rations and contributions from Hesse have...	9 September 1760	The National Archives, Kew	survives					
TNA Discovery	SP 89/37/121	Folio 308: `Father Agostino to Rialjo.' Translation of an intercepted letter (partly in cipher) relating...	1734 Oct 29	The National Archives, Kew	survives	Copy.			not assessed	
TNA Discovery	SP 87/40/31	Prince Ferdinand of Brunswick to Holdernesse, partly in cipher: progress of the siege of Cassel...	15 March 1761	The National Archives, Kew	survives					
TNA Discovery	SP 87/40/129	Prince Ferdinand of Brunswick to Bute, partially in cipher: Major General Lückner and Prince Frederick...	18 October 1761	The National Archives, Kew	survives					
TNA Discovery	SP 87/40/53	Prince Ferdinand of Brunswick to Bute, partially in cipher: he encloses a memorandum on the...	5 May 1761	The National Archives, Kew	survives					
TNA Discovery	SP 87/44/121	Clavering to Grenvile, partly in cipher: the landgrave of Hesse intends to remove to Rinteln....	31 August 1762	The National Archives, Kew	survives					
TNA Discovery	SP 87/43/85	Clavering to Bute, partly in cipher: difficulties in recruiting and remounting the Hessians. Mr Kurtzrock...	23 October 1761	The National Archives, Kew	survives					
TNA Discovery	SP 87/43/87	Clavering to Bute in cipher: gifts of money to Donop and Schmerfeldt. Orders have been...	27 October 1761	The National Archives, Kew	survives					
TNA Discovery	SP 87/13/85	Newcastle to Carteret (private and particular, original in cipher), enclosing a letter to '101' [undeciphered]....	1743 Sep 02	The National Archives, Kew	survives					
TNA Discovery	SP 87/4/234	Series of intercepted letters from Namur, partly in cipher, concerning the French plenipotentiaries to the...	1712 Jan 01-1712 Dec 31	The National Archives, Kew	survives				medium (high for the SP 87/8 Stair items specifically)	33
TNA Discovery	SP 89/37/110	Folio 274: Lord Tyrawly to Charles Delafaye. Has received a dispatch partly in cipher from...	1734 Feb 19	The National Archives, Kew	survives				medium	29
TNA Discovery	SP 87/42/67	Clavering to Holdernesse, partly in cipher: the landgrave of Hesse's desire for a secularized bishopric....	6 March 1761	The National Archives, Kew	survives					
TNA Discovery	SP 87/43/13	Bute to Clavering, partly in cipher, clarifying how he should behave towards Prince Ferdinand. Congratulations...	24 July 1761	The National Archives, Kew	survives					
TNA Discovery	SP 87/43/49	Clavering to Bute in cipher, on the shortcomings of the landgrave of Hesse. Dated at...	1 September 1761	The National Archives, Kew	survives					
TNA Discovery	SP 87/32/115	To Granby from Holdernesse, partly in cipher, stating the reasons why it is impossible to...	26 August 1760	The National Archives, Kew	survives				medium (high for the SP 87/8 Stair items specifically)	33
TNA Discovery	SP 87/42/138	Clavering to Bute in cipher, explaining that the assurances he gave the duke of Brunswick...	16 June 1761	The National Archives, Kew	survives					
TNA Discovery	SP 87/42/130	Clavering to Bute, partly in cipher: the duke of Brunswick has resolved to withdraw the...	22 May 1761	The National Archives, Kew	survives					
TNA Discovery	SP 87/36/23	Prince Ferdinand of Brunswick to Holdernesse (partially in cipher): de Broglie seems not to want...	8 November 1759	The National Archives, Kew	survives					
TNA Discovery	SP 87/36/40	Prince Ferdinand of Brunswick to Holdernesse (partially in cipher), enclosing establishments for the five free...	7 December 1759	The National Archives, Kew	survives					
TNA Discovery	SP 87/44/96	Clavering to Grenvile, partly in cipher: the landgrave of Hesse is thinking of seeking employment...	16 July 1762	The National Archives, Kew	survives					
TNA Discovery	SP 87/17/58	Harrington to Cumberland [original partly in cipher]: he has signed a treaty with the king...	1745 Jun 17	The National Archives, Kew	survives				medium (high for the SP 87/8 Stair items specifically)	33
TNA Discovery	SP 87/44/95	Clavering to Grenvile, partly in cipher: the landgrave of Hesse and the extraordinary subsidy. The...	6 July 1762	The National Archives, Kew	survives					
TNA Discovery	SP 87/40/6	Prince Ferdinand of Brunswick to Holdernesse, partially in cipher: a sharp frost has benefited his...	22 January 1761	The National Archives, Kew	survives					
TNA Discovery	SP 87/45/92	Halifax to Clavering, partly in cipher, acknowledging his description of the landgrave of Hesse in...	31 May 1763	The National Archives, Kew	survives			false	medium (high for the SP 87/8 Stair items specifically)	33
TNA Discovery	SP 87/44/6	Clavering to Bute in cipher on the reasons for the landgrave of Hesse's decision to...	1 January 1762	The National Archives, Kew	survives					
TNA Discovery	SP 87/43/60	Clavering to Bute in cipher: speculations on the intentions of the landgrave of Hesse. Dated...	13 September 1761	The National Archives, Kew	survives					
TNA Discovery	SP 87/43/64	Bute to Clavering in cipher: he is to urge the landgrave of Hesse and his...	25 September 1761	The National Archives, Kew	survives					
TNA Discovery	SP 87/37/72	Holdernesse to Prince Ferdinand of Brunswick, partially in cipher: he is sending Colonel Boyd orders...	1760 April 22	The National Archives, Kew	survives					
TNA Discovery	SP 87/40/28	Prince Ferdinand of Brunswick to Holdernesse, partially in cipher: he awaits the king's instructions on...	8 March 1761	The National Archives, Kew	survives					
TNA Discovery	SP 87/43/50	Bute to Clavering, partly in cipher, enclosing copies of a letter of the king to...	11  September 1761	The National Archives, Kew	survives					
TNA Discovery	SP 87/37/12	Holdernesse to Prince Ferdinand of Brunswick, partly in cipher: regarding the five free battalions he...	1760 February 8	The National Archives, Kew	survives					
TNA Discovery	SP 87/38/38	Prince Ferdinand of Brunswick to Holdernesse, in cipher, informing him that Cassel has been captured...	1760 August 1	The National Archives, Kew	survives					
TNA Discovery	SP 87/43/36	Clavering to Bute, partly in cipher: he is convinced that the landgrave's letter to the...	21 August 1761	The National Archives, Kew	survives					
TNA Discovery	SP 87/43/67	Clavering to Bute in cipher: the landgrave of Hesse has resoved to go to Hamburg...	24 September 1761	The National Archives, Kew	survives					
TNA Discovery	SP 87/36/25	Holdernesse to Prince Ferdinand of Brunswick (partially in cipher): adverse winds have delayed the response...	20 November 1759	The National Archives, Kew	survives					
TNA Discovery	SP 87/42/148	Bute to Clavering, partly in cipher: Clavering is to ascertain on what terms the duke...	30 June 1761	The National Archives, Kew	survives					
TNA Discovery	SP 87/23/70	Cumberland to Chesterfield, partly in cipher, enclosing a letter of his to the prince of...	14 August 1747	The National Archives, Kew	survives					
TNA Discovery	SP 87/43/39	Bute to Clavering in cipher: Alt's instructions on Hanau were in the style of the...	1 September 1761	The National Archives, Kew	survives					
TNA Discovery	SP 87/44/43	Clavering to Bute, partly in cipher: the landgrave has sent a memorial demanding payment for...	26 March 1762	The National Archives, Kew	survives					
TNA Discovery	SP 87/40/70	Prince Ferdinand of Brunswick to Bute, mainly in cipher: he is certain that the French...	28 May 1761	The National Archives, Kew	survives					
TNA Discovery	SP 87/40/117	Prince Ferdinand of Brunswick to Bute, mainly in cipher: movements of de Broglie in the...	10 September 1761	The National Archives, Kew	survives					
TNA Discovery	SP 87/40/125	Prince Ferdinand of Brunswick to Bute, mainly in cipher, enclosing relations of the doings of...	13 October 1761	The National Archives, Kew	survives					
TNA Discovery	SP 87/42/131	Clavering to Bute in cipher: the duke has begun to strengthen to fortifications of Brunswick....	26 May 1761	The National Archives, Kew	survives					
TNA Discovery	SP 87/44/12	Clavering to Bute in cipher: the landgrave of Hesse is threatening to begin a process...	15 January 1762	The National Archives, Kew	survives					
TNA Discovery	SP 87/38/118	Holdernesse to Prince Ferdinand of Brunswick, partially in cipher: the king's regret at the setbacks...	30 December 1760	The National Archives, Kew	survives					
TNA Discovery	SP 87/38/56	Prince Ferdinand of Brunswick to Holdernesse, partially in cipher: he appreciates the reasons why no...	8 September 1760	The National Archives, Kew	survives					
TNA Discovery	SP 87/43/62	Bute to Clavering in cipher: he is to use every means to persuade the landgrave...	23 September 1761	The National Archives, Kew	survives					
TNA Discovery	PRO 30/55/33/65	3868. [Clinton to General Haldimand] in cypher.	1781 Nov  12	The National Archives, Kew	survives					
TNA Discovery	PRO 30/55/19/98	2380. Clinton to Haldimand. Letter in cypher.	1779 Oct 22	The National Archives, Kew	survives					
TNA Discovery	SP 35/53/17	Folios 35-36. Letter Number 18, without signature or address, in cypher and French.	1724 Oct 14	The National Archives, Kew	survives				high	29
TNA Discovery	SP 36/37/44	Folio 44. Andrew Stone to [Newcastle]. The Dutch post brought a letter in cypher from...	1735 Nov. 14	The National Archives, Kew	survives				not assessed	
TNA Discovery	PRO 30/55/33/7	3813. Cornwallis to Clinton. Letter (part in cypher) relating to the situation at York Town,...	1781 Oct  3	The National Archives, Kew	survives					
TNA Discovery	SP 87/21/45	Harrington to Ligonier, partially in cypher, enclosing a list [ SP 87/21/46 ] of officers...	1746 Oct 03	The National Archives, Kew	survives				medium (high for the SP 87/8 Stair items specifically)	33
TNA Discovery	SP 78/181/29	Folio 38: H. Walpole to Delafaye. St. Saphorin has sent a piece in cypher for...	1725 Mar 10	The National Archives, Kew	survives				medium	27
TNA Discovery	ADM 1/1665/176	Folios 518-519: Philip Carteret, HMS Pomone, Cape Finisterre. Written in cypher code and decrypted.	1813 Nov 4	The National Archives, Kew	survives		cataloguer notes a decipherment/decode present		high	
TNA Discovery	SP 35/53/76	Folio 162. Letter Number 19, without signature or address, in cypher and French, dated 25...	1724 Nov 25	The National Archives, Kew	survives				high	29
TNA Discovery	SP 35/56/34	Folio 68. A list of correspondence, some in cypher, [sent] in a packet to [Thomas]...	1725 June 5	The National Archives, Kew	survives				high	29
TNA Discovery	SP 42/27/73	Copy of an intercepted letter (in cypher) taken by HMS Hound (dated 24 February 1744),...	1744 May 24	The National Archives, Kew	survives			false	medium	30
TNA Discovery	PRO 30/55/42/120	4833. Haldimand to Carleton. Quebec, Canada. Number 2. Enclosed is a duplicate letter in cypher...	1782 June 23	The National Archives, Kew	survives					
TNA Discovery	PRO 30/55/24/76	2894. [Letter in cypher, no date or names however it was found by comparison to...	1780	The National Archives, Kew	survives					
TNA Discovery	PRO 30/55/32/2	3689. Cornwallis to Clinton. York Town [Yorktown], Virginia. [Original written in cypher]. No detachment can...	1781 Aug 16	The National Archives, Kew	survives					
TNA Discovery	SP 35/49/6	Folios 9-10. Anonymous letter in cypher, without signature or address, with decypher written over. The...	1724 Apr 7	The National Archives, Kew	survives				high	29
TNA Discovery	SP 35/50/51	Part 1, Folios 119-120. Anonymous letter marked Number 12 in cypher and French without signature...	1724 June 18	The National Archives, Kew	survives				high	29
TNA Discovery	SP 106/42	Parchment sheet entitled 'For writing in cypher'; two parchment sheets entitled 'For Decyphering', numbers 1-1800,...	18th century	The National Archives, Kew	survives	API error on lookup			not assessed	
TNA Discovery	SP 35/45/78	Part 2, Folios 14-15. Place: Bullin [?Boulogne]. Letter in cypher to Mr Thomas Compton at...	1723 Oct 7	The National Archives, Kew	survives				high	29
TNA Discovery	SP 35/50/23B	Part 1, Folios 57-58. Letter in cypher, without signature or address, with decypher in French...	1724 June 17	The National Archives, Kew	survives				high	29
TNA Discovery	PRO 30/55/33/47	3853. Major-General James Robertson [writing in Clinton's absence] to Haldimand. [A second letter in cypher...	1781 Oct  31	The National Archives, Kew	survives					
TNA Discovery	SP 35/19/70	Three pages of an anonymous letter addressed to 'Madam', containing foreign and domestic news. Some...	[1719]	The National Archives, Kew	survives				high	29
TNA Discovery	SP 8/6/65	Folio 208. Letter from Major d'Ehrenstein to Monsiuer de Bernsdorff regarding Monsieur de Guldenstolp partly...	[1689]	The National Archives, Kew	survives				not assessed	
TNA Discovery	SP 36/9/118	Folios 118-119. Note from (Newcastle) to the King. Finding upon a second reading of Mr....	1728 Dec. 19	The National Archives, Kew	survives				not assessed	
TNA Discovery	SP 14/1/38	Edward Reynoldes to Owen Reynoldes. Purposes to labour to be admitted in the office of...	1603 April 20	The National Archives, Kew	survives			false	not assessed	
TNA Discovery	PRO 30/24/7/505	Draft of letter from Lord Shaftesbury to Mr. Percivall, also of one to Mr. Perkins,...	1682 June 6	The National Archives, Kew	survives	API error on lookup			not assessed	
TNA Discovery	SP 89/44/63	Folio 133: Champigny to Comte de Maurepas. Necessity of military and naval reinforcements for Martinique....	1745 Feb 6	The National Archives, Kew	survives	Enclosed in f.131. Mostly in cypher.		false	medium	30
TNA Discovery	PRO 30/55/53/10	6012. [Major] F[red] M[ackenzie] to Major General James Patterson. Is directed by the Commander-in-Chief to...	1782 Oct  26	The National Archives, Kew	survives					
TNA Discovery	SP 89/16/15	Folio 31: Charles Fanshaw to Sir Leoline Jenkins. French hope for Charles II's support in...	1684 Feb 14, NS	The National Archives, Kew	survives	In cypher.		false	medium	30
TNA Discovery	SP 36/61/53	Folio 53. St. Quentin to [the Pretender] with news of the general situation concerning the...	1743 June 3	The National Archives, Kew	survives	French. Part in cypher.			not assessed	
TNA Discovery	SP 35/31/23	Folios 33-34. Extract of a letter from Spain directed to Monsieur Dumville, Procureur and enclosed...	1722 Apr 16	The National Archives, Kew	survives				high	29
TNA Discovery	SP 35/33/182	Folio 316. Draft of an examination of Edward Jernegan [Jerningham] concerning the Duke of Norfolk...	1722 Oct 25	The National Archives, Kew	survives				high	29
TNA Discovery	SP 89/39/153	Folio 347: Lord Tyrawly to Benjamin Keene. Savy alias Wall's confession of Spanish designs on...	1737 Nov 26	The National Archives, Kew	survives	Enclosed in f.343. Copy.			medium	29
TNA Discovery	SP 89/44/64	Folio 137: Champigny to Comte de Maurepas. Acknowledges information about English naval plans. All indications...	1745 Feb 6	The National Archives, Kew	survives	Enclosed in f.131. Mostly in cypher.		false	medium	30
TNA Discovery	SP 89/16/33	Folio 64: Charles Fanshaw to Sir Leoline Jenkins. St. Romain, French Ambassador, not yet made...	1684 Apr 10	The National Archives, Kew	survives	Partly in cypher		false	medium	30
TNA Discovery	SP 89/14/131	Folio 228: Charles Fanshaw to Sir Leoline Jenkins. Now virtually certain that the projected marriage...	1682 Sept 3, NS	The National Archives, Kew	survives	Partly in cypher.		false	medium	30
TNA Discovery	SP 78/205/95	Folio 146: Waldegrave to Delafaye. He managed to see a paper carelessly left on a...	1734 July 21	The National Archives, Kew	survives				not assessed	
TNA Discovery	SP 89/16/2	Folio 5: Charles Fanshaw to Sir Leoline Jenkins. French ambassador, Saint Romain, asks whether Fanshaw...	1684 Jan 17, NS	The National Archives, Kew	survives	Partly in cypher.		false	medium	30
TNA Discovery	SP 89/80/42	Folio 118: Lord Grantham to R. Walpole. Spanish Court has taken great umbrage at Portuguese...	1775 Sept 18	The National Archives, Kew	survives	Enclosure to f.108. Copy.			medium	29
TNA Discovery	SP 87/13/18	Newcastle to Carteret: he encloses instructions for [a spy who is to go by the...	1743 May 06	The National Archives, Kew	survives					
TNA Discovery	SP 87/40/78	Bute to Prince Ferdinand of Brunswick, partly in cipher: the king approves the advice Ferdinand...	29 June 1761	The National Archives, Kew	survives					
TNA Discovery	SP 87/40/61	Prince Ferdinand of Brunswick to Bute, partly in cipher: the second embarkation of reinforcements has...	8 May 1761	The National Archives, Kew	survives					
TNA Discovery	SP 87/40/36	Prince Ferdinand of Brunswick to Holdernesse, partly in cipher: seeing the impossibility of maintaining his...	30 March 1761	The National Archives, Kew	survives					
TNA Discovery	SP 87/23/41	Chesterfield to Cumberland, partly in cipher: the king's surprise that the prince of Orange has...	21 July  1747	The National Archives, Kew	survives					
TNA Discovery	SP 87/36/5	Holdernesse to Prince Ferdinand of Brunswick, partly in cipher: he is working to have Contades'...	9 October 1759	The National Archives, Kew	survives					
TNA Discovery	SP 54/25/8B	Letters, partly in cipher, from Burnet [Charles Edward Stuart]; found in the possession of Sir...	[1745 Apr 27]	The National Archives, Kew	survives	3 papers Copy			high	27
TNA Discovery	SP 87/43/81	Clavering to Bute, partly in cipher: difficulties of recruiting Hessians. The whole court of Brunswick...	13 October 1761	The National Archives, Kew	survives					
TNA Discovery	SP 87/43/104	Bute to Clavering, partly in cipher: the king's pleasure at the duke of Brunswick's sentiments....	15 December 1761	The National Archives, Kew	survives					
TNA Discovery	SP 87/17/122	Harrington to Fawkener [original partly in cipher]: acknowledges letters from Cumberland, Dunmore, Ligonier and Fawkener....	1745 Aug 04	The National Archives, Kew	survives				medium (high for the SP 87/8 Stair items specifically)	33
TNA Discovery	SP 87/40/145	Bute to Prince Ferdinand of Brunswick, partly in cipher: the king is content for him...	15 December 1761	The National Archives, Kew	survives					
TNA Discovery	SP 87/43/90	Clavering to Bute, partly in cipher: Mr Kurtzrock has arrived in Hamburg; the landgrave of...	3 November 1761	The National Archives, Kew	survives					
TNA Discovery	SP 87/40/153	Prince Ferdinand of Brunswick to Bute, partly in cipher: as the French have not passed...	29 December 1761	The National Archives, Kew	survives					
TNA Discovery	SP 87/8/59	Thomas Villiers to Stair, on relations between Prussia, France and Saxony. Partly in cipher. Dated...	1742 May 13	The National Archives, Kew	survives			false	medium (high for the SP 87/8 Stair items specifically)	33
TNA Discovery	SP 87/42/149	Clavering to Bute, partly in cipher: [General] Donop has asked him to sound the king's...	26 June 1761	The National Archives, Kew	survives					
TNA Discovery	SP 87/42/144	Clavering to Bute, partly in cipher, enclosing a letter to the king from the landgravine...	23  June 1761	The National Archives, Kew	survives					
TNA Discovery	SP 87/40/82	Prince Ferdinand of Brunswick to Bute, partly in cipher: his pleasure at the news from...	25 June 1761	The National Archives, Kew	survives					
TNA Discovery	SP 87/42/126	Clavering to Bute, partly in cipher: the landgrave's council is debating whether he should send...	19 May 1761	The National Archives, Kew	survives					
TNA Discovery	SP 87/40/81	Bute to Prince Ferdinand of Brunswick, partly in cipher: he has instructed Colonel Clavering to...	30 June 1761	The National Archives, Kew	survives					
TNA Discovery	SP 87/44/7	Clavering to Bute, partly in cipher: concern at the declaration of war on Spain. He...	8 January 1762	The National Archives, Kew	survives					
TNA Discovery	SP 87/42/132	Bute to Clavering, partly in cipher: Clavering should not have assured the duke of Brunswick...	2 June 1761	The National Archives, Kew	survives					
TNA Discovery	SP 87/43/95	Clavering to Bute, partly in cipher: the retreat of the French from Brunswick has permitted...	17 November 1761	The National Archives, Kew	survives					
TNA Discovery	SP 87/45/36	Clavering to Halifax, partly in cipher: a messenger from the army has told the landgrave...	12 November 1762	The National Archives, Kew	survives			false	medium (high for the SP 87/8 Stair items specifically)	33
TNA Discovery	SP 87/43/92	Clavering to Bute, partly in cipher, enclosing a memorial on the irregularities committed by the...	10 November 1761	The National Archives, Kew	survives					
TNA Discovery	SP 87/30/4	Boyd to Holdernesse, partly in cipher: he quotes from a letter found on a captured...	23 February 1758	The National Archives, Kew	survives				medium (high for the SP 87/8 Stair items specifically)	33
TNA Discovery	SP 87/16/13	Duplicate (partly in cipher) of SP 87/16/11, with additional advices from Maubeuge and Cambrai. Dated...	1745 Jan 21	The National Archives, Kew	survives				medium (high for the SP 87/8 Stair items specifically)	33
TNA Discovery	SP 87/16/12	Duplicate (partly in cipher) of SP 87/16/10, with additional paragraph on the state of Ostend....	1745 Jan 23	The National Archives, Kew	survives				medium (high for the SP 87/8 Stair items specifically)	33
TNA Discovery	SP 87/43/7	Clavering to Bute, partly in cipher, enclosing a project of a convention [SP 87/43/8] and...	10 July 1761	The National Archives, Kew	survives					
TNA Discovery	PRO 30/53/11/42	[?] to Mrs Horesse	1717 Dec 4	The National Archives, Kew	survives	API error on lookup			not assessed	
TNA Discovery	SP 84/165/102	Folio 174: [Chauran] to [Williamson?]. Financial arrangements.	1662 Apr 16	The National Archives, Kew	survives					
TNA Discovery	PRO 30/25/13	Despatch of [?Venetian Ambassador to France].	1634 Aug. 10	The National Archives, Kew	survives	6pp Partly in cipher.		false	low-medium	27
TNA Discovery	PRO 30/53/11/43	Letter in the same hand to Mrs Horesse	1717 Dec 4	The National Archives, Kew	survives	API error on lookup			not assessed	
TNA Discovery	SP 84/165/66	Folio 108: [Chauran] to [Williamson]. Requests payment. Spanish letters forthcoming.	1662 nd	The National Archives, Kew	survives					
TNA Discovery	SP 84/165/75	Folio 122: [Chauran] to [Williamson]. Transmits ciphers. Plea for payment.	1662 Mar 22	The National Archives, Kew	survives					
TNA Discovery	SP 84/165/111	Folio 186: [Chauran] to [Williamson?]. Recovery of his accomplice. Financial requests.	1662 [Apr -]	The National Archives, Kew	survives					
TNA Discovery	SP 84/165/23	Folio 36: [Chauran] to [Williamson]. Concern about movement and secrecy of correspondence.	1662 [Jan 11/21]	The National Archives, Kew	survives					
TNA Discovery	SP 90/8/84	Folio 84: Whitworth to Stanhope. From Berlin	1719 May 19/20	The National Archives, Kew	survives	Translation of SP 90/8 Folio 80. Partly in cipher. French.		false	medium-high (high for /358 specifically)	30
TNA Discovery	PRO 30/25/14	Letters of the council of Ten to Agostino de Canali, Proveditor and Captain of Coreyra....	1605 May 25	The National Archives, Kew	survives	30pp			not assessed	
TNA Discovery	SP 84/165/87	Folio 144: [Chauran] to [Williamson?]. Acknowledges receipt of payment. Arrangements for ciphering and security of...	1662 Apr 2	The National Archives, Kew	survives					
TNA Discovery	SP 89/12/74	Folio 124: Francis Parry to Lord Arlington. Original of f.123. Date and place: 1672 July...	1672 July 29/Aug 3	The National Archives, Kew	survives	Partly in cipher		false	medium	28
TNA Discovery	SP 90/2/335	Folio 335: Raby to [Hedges]. Receipt of cipher. No news from Prague. Stepney's qualifications for...	1704 Apr. 29	The National Archives, Kew	survives					
TNA Discovery	SP 90/2/409v	Folio 409v: [Reichart] to [Berlepsch]. Arranging a rendezvous at Günzburg. From Wibling, near Ulm	1704 June 3	The National Archives, Kew	survives					
TNA Discovery	SP 84/165/70	Folio 115: [Chauran] to [Williamson]. Insists on payment before he sends remaining Spanish papers. Fears...	1662 Mar 19	The National Archives, Kew	survives					
TNA Discovery	SP 87/8/45	Earl of Hyndford to Stair reporting on his mediation between Maria Theresa and the king...	1742 Apr 30	The National Archives, Kew	survives			false	medium (high for the SP 87/8 Stair items specifically)	33
TNA Discovery	SP 87/8/51	Lord Hyndford to Stair: perfidy of the king of Prussia. He encloses a letter from...	1742 May 05	The National Archives, Kew	survives			false	medium (high for the SP 87/8 Stair items specifically)	33
TNA Discovery	SP 90/3/358	Folio 358: Raby to Harley. Frederick I secretly negotiating a treaty with Sweden. Ambassadorial ceremonials;...	1705 Aug. 1	The National Archives, Kew	survives	Partly in cipher.		false	medium-high (high for /358 specifically)	30
TNA Discovery	SP 78/232/44	Folio 103: Yorke to Bedford. Albermarle's appointment is welcomed. The answer about Townsend is enclosed....	1749 Mar 8/20	The National Archives, Kew	survives	Partly in cipher.		false	not assessed	
TNA Discovery	SP 84/165/103	Folio 175: [Chauran] to [Williamson?]. His accomplice is too unwell to travel. Letters received by...	1662 [Apr 9]	The National Archives, Kew	survives					
TNA Discovery	SP 90/2/337	Folio 337: Raby to [Hedges]. Court news. No news of Bavarian negotiations. Use of ciphers....	1704 May 6	The National Archives, Kew	survives					
TNA Discovery	SP 84/165/82	Folio 136: [-] to the Bishop of Münster. Still further difficulties in Franco-Dutch negotiations: position...	1662 Mar 30	The National Archives, Kew	survives					
TNA Discovery	SP 90/2/409	Folio 409: Reichart to [Berlepsch]. Excuses long silence. Promises future correspondence. No news about hostages,...	1704 June 2	The National Archives, Kew	survives					
TNA Discovery	SP 84/165/14	Folio 23: Wickfort to [-]. Fisheries still proving a hindrance to the treaty. Spain has...	1662 Jan 18	The National Archives, Kew	survives					
TNA Discovery	SP 90/2/348	Folio 348: Raby to [Hedges]. Military news. Frederick I is negotiating advantageous treaties with Bayreuth...	1704 May 13	The National Archives, Kew	survives					
TNA Discovery	SP 90/7/149	Folio 149: Whitworth to Townshend. Copy of a private letter from Whitworth to Stanhope, being...	1716 Nov. 24/Dec. 5	The National Archives, Kew	survives	Partly in cipher.		false	medium-high (high for /358 specifically)	30
TNA Discovery	SP 54/25/5	Lord Advocate Craigie to Secretary Tweeddale. Reporting the arrest of Sir Hector MacLean, George Blaw...	[1745 June 5]	The National Archives, Kew	survives	2 papers Copy			high	27
TNA Discovery	SP 89/16/39	Folio 73: Charles Fanshaw to Sir Leoline Jenkins. The French Ambassador's public audience. Seems he...	1684 Apr 24, NS	The National Archives, Kew	survives	Partly in cipher		false	medium	30
TNA Discovery	SP 90/7/212	Folio 212: Whitworth to Stanhope. The possibility of the King of Prussia having a separate...	1716/7 Jan. 5/16	The National Archives, Kew	survives	Partly in cipher.		false	medium-high (high for /358 specifically)	30
TNA Discovery	SP 81/6/125	Folio 125: Palavicino to Burghley, with a cipher key.	1590 Dec. 18	The National Archives, Kew	survives			false	medium	35
TNA Discovery	SP 81/7/239	Folio 239: Jn. Wrothe to Cecil with cipher key.	1596 Sept. 7	The National Archives, Kew	survives			false	medium	34
TNA Discovery	SP 35/71/62	Former Reference J14. Cipher key enclosed in SP 35/71/61.	Undated [1719-1722]	The National Archives, Kew	survives				high	29
TNA Discovery	SP 35/71/61	Former Reference J13. Anonymous letter to Lord Townsend, enclosing cipher key, received by the Dutch...	1722 June 23	The National Archives, Kew	survives				high	29
TNA Discovery	SP 35/36/37	Former reference H37. Copy of cipher-key and cipher with Mr Farmer and Jery, enclosed under...	[? 1722]	The National Archives, Kew	survives					
TNA Discovery	SP 35/36/35	Former reference H35. Copy of cipher-key in French, directed to Mr Burton. With two further...	[? 1722]	The National Archives, Kew	survives					
TNA Discovery	SP 35/36/34	Former reference H34. Copy of cipher and cipher-key, enclosed in a cover to Mrs Burton...	[? 1722]	The National Archives, Kew	survives					
TNA Discovery	SP 35/36/36	Former reference H36. Copy of cipher-key in French, directed to Mr Burton. With two further...	[? 1722]	The National Archives, Kew	survives					
TNA Discovery	SP 35/36/26	Former reference H26. Extract from anonymous to Madame Lucy, Rue des Carmes, Bruges [Belgium]. Mrs...	1722 Sep 4	The National Archives, Kew	survives					
TNA Discovery	SP 35/36/33	Former reference H33. Extract from anonymous to Mr Burton at Mrs Whitten's house, Great Ryder...	1722 Nov 1	The National Archives, Kew	survives					
TNA Discovery	SP 35/37/11B	Former reference F11b. Copy of the further deposition of John Malone. Confirms handwriting of a...	1723 Jan 29	The National Archives, Kew	survives				high	29
TNA Discovery	SP 35/36/28	Former reference H28. Extract from anonymous to Madame Lucy, Rue des Carmes, Bruges [Belgium]. Friends...	1722 Sep 18	The National Archives, Kew	survives					
TNA Discovery	SP 35/36/29	Former reference H29. Extract from anonymous to Mr Burton at Mrs Whitten's house, Great Ryder...	1722 Oct 1	The National Archives, Kew	survives					
TNA Discovery	SP 35/36/7	Former reference H7. Copy of the examination of Edward Jernegan, of St Giles in the...	1722 Oct 24	The National Archives, Kew	survives					
TNA Discovery	SP 105/60/135	Folio 135. To [? Paget]. Fragment, i.e. concluding portion of a letter giving details of...	1694	The National Archives, Kew	survives	[hand of Plantamour].		false	medium	33
TNA Discovery	SP 35/39/21	Former reference B21: BY1-42. Copies of papers in the larger bundle belonging to Layer taken...	[? 1722]	The National Archives, Kew	survives				high	29
BL Archives and Manuscripts	Add MS 6912	King Charles I paper for Lord Digby, in cipher	1640s	Western Manuscripts	survives					
BL Archives and Manuscripts	IOR/Z/E/4/24/S416	Sind, Intelligence of presence of European at Herat with papers in cipher forwarded through	1853-1854	India Office Records and Private Papers	survives	administrative correspondence about cipher/code logistics, not ciphertext			n/a (not a cipher)	
BL Archives and Manuscripts	IOR/L/PJ/6/141, File 2398	Bringing to notice two mistakes which have occurred in telegrams sent in cipher words taken from the Word Code	11 Nov 1884	India Office Records and Private Papers	survives	administrative correspondence about cipher/code logistics, not ciphertext			n/a (not a cipher)	
BL Archives and Manuscripts	Add MS 20634-20635	 DRAFTS of letters of the Archbishop of Myra, as Papal Nuncio at Naples, to the Papal Secretary of State, to be written in cipher, or in answer to letters in cipher; 21 April, 1744-13 March, 1753. Ita	21 Apr 1744-13 Mar 1753	Western Manuscripts	survives					
BL Archives and Manuscripts	IOR/Q/25/1/78	Letter from J.D. Peek, Cabinet Office, to A. Harnett, Office of the UK High Commissioner in India, regarding the transmission of telegrams in cipher	21 Feb 1947	India Office Records and Private Papers	survives	administrative correspondence about cipher/code logistics, not ciphertext			n/a (not a cipher)	
BL Archives and Manuscripts	IOR/L/PJ/6/1859, File 4486	File 4486 - Assurance by the Government. of India Home Department. to assign numbers to all telegrams issued to the S. of S. in code or in cipher	Aug-Oct 1923	India Office Records and Private Papers	survives	administrative correspondence about cipher/code logistics, not ciphertext			n/a (not a cipher)	
BL Archives and Manuscripts	Mss Eur D623/30		25 Apr 1800	India Office Records and Private Papers	survives					
BL Archives and Manuscripts	Mss Eur D623/35		21 Jun 1800	India Office Records and Private Papers	survives					
BL Archives and Manuscripts	Mss Eur D623/5		6 Jul 1798	India Office Records and Private Papers	survives					
BL Archives and Manuscripts	Mss Eur D623/36		9 Jul 1800	India Office Records and Private Papers	survives					
BL Archives and Manuscripts	Mss Eur D623/11		11 Oct 1798	India Office Records and Private Papers	survives					
BL Archives and Manuscripts	RP 1998/3		[1979-1985]	Western Manuscripts	survives					
BL Archives and Manuscripts	IOR/Z/E/4/30/T98	Telegraphic Communication, Boxes containing vocabulary and apparatus for use in sending cipher messages to Calcutta	1857	India Office Records and Private Papers	survives	administrative correspondence about cipher/code logistics, not ciphertext			n/a (not a cipher)	
BL Archives and Manuscripts	Add MS 89317/5/61	Official, semi-official and private letters to Granville Leveson-Gower, 1st Earl Granville when Ambassador to Russia, from English representatives in Sardinia, Sicily and Naples	1804-1806	Western Manuscripts	survives	file scope note lists constituent letters, several '(in cipher, deciphered)'	most constituent letters already deciphered by the cataloguer		high	27
BL Archives and Manuscripts	IOR/Z/E/4/30/C118	Calcutta, Telegraphic communication, Boxes containing vocabulary and apparatus for use in sending cipher messages sent to	1857	India Office Records and Private Papers	survives	administrative correspondence about cipher/code logistics, not ciphertext			n/a (not a cipher)	
BL Archives and Manuscripts	Harley MS 482	 Diary of Simonds D’Ewes 1643 	1643	Western Manuscripts	survives					
BL Archives and Manuscripts	RP 1998/6		[1979-1985]	Western Manuscripts	survives					
BL Archives and Manuscripts	RP 8911/22		22 Mar 2006	Western Manuscripts	survives					
BL Archives and Manuscripts	Mss Eur D623/28		6 Mar 1800	India Office Records and Private Papers	survives					
BL Archives and Manuscripts	Mss Eur D623/27		5 Mar 1800	India Office Records and Private Papers	survives					
BL Archives and Manuscripts	Mss Eur D623/24		7 Jun 1799	India Office Records and Private Papers	survives					
BL Archives and Manuscripts	Mss Eur D623	Despatches, correspondence and minutes, some in cipher, of Richard Colley Wellesley, 2nd Earl of Mornington and Marquess Wellesley (1760-1842), Governor General of Bengal 1790-1805, including secret a	1798-1810	India Office Records and Private Papers	survives					
BL Archives and Manuscripts	Harley MS 481	Diary of Simonds D’Ewes 1621-1624	1621-1624	Western Manuscripts	survives					
BL Archives and Manuscripts	Mss Eur D623/10		4 Sep 1798	India Office Records and Private Papers	survives					
BL Archives and Manuscripts	Mss Eur D623/23		16 May 1799	India Office Records and Private Papers	survives					
BL Archives and Manuscripts	Add MS 45521		1738-1750	Western Manuscripts	survives					
BL Archives and Manuscripts	Mss Eur D623/4		1798	India Office Records and Private Papers	survives					
BL Archives and Manuscripts	Add MS 89317/9/10	 Correspondence of Granville Leveson-Gower, first Earl Granville, first Russian mission: private letters received 	24 Oct 1804-20 Jun 1806	Western Manuscripts	survives	file scope note lists constituent letters, several '(in cipher, deciphered)'	most constituent letters already deciphered by the cataloguer		high	27
BL Archives and Manuscripts	Mss Eur D623/22		11 May 1799	India Office Records and Private Papers	survives					
BL Archives and Manuscripts	Mss Eur F126/43, f 103v-104	 Letter from Lewis Pelly, Shiraz to Charles Alison 	20 Jul 1868	India Office Records and Private Papers	survives					
BL Archives and Manuscripts	Add MS 28386-28388	 LETTERS, reports, etc., from the Netherlands, including letters of the Duke of Alva, Francisco de Ybarra, Don Lope Çapata, and others; those in the first two volumes being chiefly addressed to Cardin	1565-1604	Western Manuscripts	survives					
BL Archives and Manuscripts	Sloane MS 3082		17th century	Western Manuscripts	survives					
BL Archives and Manuscripts	Add MS 89317/5/60/1	Official, semi-official and private letters to Granville Leveson-Gower, 1st Earl Granville when Ambassador to Russia, from English representatives in Prussia	1804-1806	Western Manuscripts	survives	file scope note lists constituent letters, several '(in cipher, deciphered)'	most constituent letters already deciphered by the cataloguer		high	27
BL Archives and Manuscripts	RP 4901		2 Jan 1992	Western Manuscripts	survives					
BL Archives and Manuscripts	Add MS 39771		7 Apr 1799-15 Aug 1802	Western Manuscripts	survives					
BL Archives and Manuscripts	Egerton MS 1968	 ORIGINAL letters on English political affairs from - Croul1é, secretary to Pomponne de Bellièvre, Seigneur de Grignon, French agent in England, addressed to the latter after his return to France, wit	30 Apr 1649-19 Jan 1651	Western Manuscripts	survives					
BL Archives and Manuscripts	Egerton MS 2050		25 Dec 1665-28 May 1666	Western Manuscripts	survives					
BL Archives and Manuscripts	Add MS 89317/5/59	Official, semi-official and private letters to Granville Leveson-Gower, 1st Earl Granville when Ambassador to Russia, from English representatives in Hamburg	1804-1806	Western Manuscripts	survives	file scope note lists constituent letters, several '(in cipher, deciphered)'	most constituent letters already deciphered by the cataloguer		high	27
BL Archives and Manuscripts	Add MS 20336		25 Aug 1715-2 Dec 1726	Western Manuscripts	survives					
BL Archives and Manuscripts	Add MS 89317/5/88	 Private and semi-official letters from representatives in Russia to Granville Leveson-Gower, 1st Earl Granville when Ambassador to France 	1826-1835	Western Manuscripts	survives	file scope note lists constituent letters, several '(in cipher, deciphered)'	most constituent letters already deciphered by the cataloguer		high	27
BL Archives and Manuscripts	Egerton MS 2619		1642-1645	Western Manuscripts	survives					
BL Archives and Manuscripts	Add MS 8730	 COLLECTION OF 87 AVVISI TO THE PAPAL SECRETARY OF STATE FROM FRANCE; 1624-1627. Italian, Latin, and French. Partly copies, partly in cipher. Imperfect. The avvisi list miscellaneous news (wars and po	1624-1627	Western Manuscripts	survives					
BL Archives and Manuscripts	Mss Eur F699/1/1/1/14/19	17. Letter from Lord Elphinstone	11 Aug 1856	India Office Records and Private Papers	survives				not assessed (1 of 5 opened: see N/A note, item 30 in Mss Eur F699/1/1/3/4 is a genuine cipher message to Outram, 10 Nov 1857)	
BL Archives and Manuscripts	IOR/L/F/7/202	Collection 23/25: Bills and Telegraphic Transfers: Form of telegraphic advice on telegraphic transfers to India. Instructions regarding account to be credited only included when such account is that o	1920-1923	India Office Records and Private Papers	survives	administrative correspondence about cipher/code logistics, not ciphertext			n/a (not a cipher)	
BL Archives and Manuscripts	Add MS 4956	 APOLLO ANGLICANUS: an almanack published by Richard Saunder; 1698 	1698	Western Manuscripts	survives					
BL Archives and Manuscripts	Add MS 46690		4 May 1751-10 Sep 1753	Western Manuscripts	survives					
BL Archives and Manuscripts	Add MS 89557	Letters from spymaster Francis Drake to diplomat Charles Stuart	1803-1804	Western Manuscripts	survives					
BL Archives and Manuscripts	Add MS 63625	 EDWARD SOMERSET, 2ND MARQUESS OF WORCESTER: 'A Centurie of the Names &amp; scantlings of such Inventions as att present I can call to mynde to have tryed &amp; perfected ...', 'From August the 29th 1	c 1659-1663	Western Manuscripts	survives					
BL Archives and Manuscripts	Add MS 20307		3 Nov [1703]-19 Aug 1726	Western Manuscripts	survives					
BL Archives and Manuscripts	Add MS 65145		Oct 1777-Nov 1778	Western Manuscripts	survives					
BL Archives and Manuscripts	Add MS 72399		after 1622	Western Manuscripts	survives					
BL Archives and Manuscripts	Add MS 89317/5/57	Official, semi-official and private letters to Granville Leveson-Gower, 1st Earl Granville when Ambassador to Russia, from English representatives in Austria	1804-1807	Western Manuscripts	survives	file scope note lists constituent letters, several '(in cipher, deciphered)'	most constituent letters already deciphered by the cataloguer		high	27
BL Archives and Manuscripts	Add MS 89317/5/58	Official, semi-official and private letters to Granville Leveson-Gower, 1st Earl Granville when Ambassador to Russia, from English representatives in Denmark	1805-1807	Western Manuscripts	survives	file scope note lists constituent letters, several '(in cipher, deciphered)'	most constituent letters already deciphered by the cataloguer		high	27
BL Archives and Manuscripts	IOR/L/PS/5/266, ff 505-506	Request for a Copy of the Foreign Office Cipher Code	11 Jan 1871	India Office Records and Private Papers	survives	administrative correspondence about cipher/code logistics, not ciphertext			n/a (not a cipher)	
BL Archives and Manuscripts	Add MS 35105-35106	 Correspondence of the Rev. John Robinson, D.D., British Agent (from 1696 Envoy extraordinary) in Sweden [Bishop of Bristol 1710, of London 1714-1723, Lord Privy Seal 1711-1713] with William Blathwayt	1693-1702	Western Manuscripts	survives					
BL Archives and Manuscripts	Add MS 8768		29 Nov 1631-25 Aug 1635	Western Manuscripts	survives					
BL Archives and Manuscripts	Add MS 61861 B		1778-1781	Western Manuscripts	survives					
BL Archives and Manuscripts	Add MS 35097		28 Aug 1635-4 Feb 1639	Western Manuscripts	survives					
BL Archives and Manuscripts	Add MS 18777-18780	 JOURNALS of proceedings in the House of Commons, and of public events in England, from 19 Sept. 1642 to 10 Dec. 1645; kept by Walter Yonge, of Colyton, co. Devon, Barrister at Law, and member for Hon	17th century	Western Manuscripts	survives					
BL Archives and Manuscripts	Add MS 45518-45520	 WILLES PAPERS. VOIS. I-III (ff. 56, 111, 82). Miscellaneous papers, mostly relating to ciphersIncluded is correspondence of:- (1) Edward Willes, Bishop of St David's and (1743) of Bath and Wells, 172	1720-1844	Western Manuscripts	survives					
BL Archives and Manuscripts	Egerton MS 1176	 ORIGINAL Letter of the Cardinal Infante of Spain [Ferdinand, Archbishop of Toledo, son of Philip III.] to Don Alonzo de Cardenas, of the Council of Naples; Brussels, 29 Apr. 1639. Span. Signed. In ci	1639-1660	Western Manuscripts	survives					
BL Archives and Manuscripts	Arundel MS 151		16th century	Western Manuscripts	survives					
BL Archives and Manuscripts	Add MS 21483	 AUTOGRAPH letters to James II., and others, from 1669 to 1688, viz: 1. Anonymous letters, partly in cipher, on political affairs, with a key to some of the names; 25 Sept., 5 Oct. 1669, ff. 1-8. 2. J	1669-1688	Western Manuscripts	survives					
BL Archives and Manuscripts	Add MS 38239		Oct 1803-16 Dec 1803	Western Manuscripts	survives					
BL Archives and Manuscripts	Add MS 8767		4 Jan 1631-25 Dec 1632	Western Manuscripts	survives					
BL Archives and Manuscripts	Egerton MS 2813	 LETTER-BooK of Sir Dudley Carleton [cr. Baron Carleton 1626, and Viscount Dorchester 1628], Ambassador to Venice; Jan.-Sept. 1615. During the greater part (Feb.-July) of this time Carleton was on a s	Jan 1615-Sep 1615	Western Manuscripts	survives					
BL Archives and Manuscripts	Add MS 38237		Jan 1797-Sep 1802	Western Manuscripts	survives					
BL Archives and Manuscripts	Add MS 8775	 FALCONIERI LETTER-BOOK: Letters and dispatches to and from Ottavio Falconieri, abbot of St. Jerome in Fiesole, as papal internuncio at Brussels (Oct. 1672 - 3 Nov. 1674); 1672-1675. Italian, French, 	1672-1675	Western Manuscripts	survives					
BL Archives and Manuscripts	Add MS 4106		1473-1657	Western Manuscripts	survives					
BL Archives and Manuscripts	Add MS 8776	 FALCONIERI LETTER-BOOK: Letters to Ottavio Falconieri, abbot of St. Jerome in Fiesole, as papal internuncio at Brussels (Oct. 1672 - 3 Nov. 1674); 1673-1676. Italian, and French. Mostly autograph and	1673-1676	Western Manuscripts	survives					
BL Archives and Manuscripts	Add MS 8697		3 Feb 1624-21 Jul 1626	Western Manuscripts	survives					
BL Archives and Manuscripts	Egerton MS 2900	Constantinus Africanus, Viaticum; various medical tracts	2nd half of the 12th century	Western Manuscripts	survives					
BL Archives and Manuscripts	Add MS 4903	 LETTERS TO QUEEN ANNE, from the Elector of Hanover, the Duke of Savoy, etc.; 1701-1714 	1701-1714	Western Manuscripts	survives					
BL Archives and Manuscripts	Add MS 8734-8735	 GUIDI DEL BAGNO LETTER-BOOKS: Dispatches and letters to Niccolò Guidi del Bagno, Bishop of Athens, nuncio to France (25 June 1643 - Dec. 1656); 1644-1656 	1644-1656	Western Manuscripts	survives					
BL Archives and Manuscripts	Add MS 29206		[1759-1816]	Western Manuscripts	survives					
BL Archives and Manuscripts	Add MS 38240		21 Dec 1803-Apr 1804	Western Manuscripts	survives					
BL Archives and Manuscripts	Add MS 89317/5/60/2	Official, semi-official and private letters to Granville Leveson-Gower, 1st Earl Granville when Ambassador to Russia, from English representatives in Prussia	1807	Western Manuscripts	survives	file scope note lists constituent letters, several '(in cipher, deciphered)'	most constituent letters already deciphered by the cataloguer		high	27
BL Archives and Manuscripts	Add MS 20654		6 Oct 1756-25 May 1757	Western Manuscripts	survives					
BL Archives and Manuscripts	Add MS 89317/5/62	Official, semi-official and private letters to Granville Leveson-Gower, 1st Earl Granville when Ambassador to Russia, from English representatives in Sweden	1804-1807	Western Manuscripts	survives	file scope note lists constituent letters, several '(in cipher, deciphered)'	most constituent letters already deciphered by the cataloguer		high	27
BL Archives and Manuscripts	Add MS 8693-8698	 SACCHETTI CORRESPONDENCE AND PAPERS: Vols. I-VI; 1623-1626. Italian, Spanish, and Latin. Copies, partly in cipher. Registers of secret dispatches, letters and correspondence of Cardinal Giulio Sacche	1623-1626	Western Manuscripts	survives	registers of secret dispatches, 'partly in cipher' per top-level scope note			high	33
BL Archives and Manuscripts	Add MS 18981	Royalist correspondence, primarily addressed to Prince Rupert, 1643-1644	1643-1644	Western Manuscripts	survives					
BL Archives and Manuscripts	Add MS 24321	 LETTERS in cipher, relating to American affairs; 1777-1781 mostly copies; with deciphering, viz:- 1. [Victor Amadeus II.] King , of Sardinia to the Marquis de Cordon Turin, 26 Apr.. 1777. Fr. f. 1. 2	1777-1781	Western Manuscripts	survives					
BL Archives and Manuscripts	Add MS 38038	 ORIGINAL DISPATCHES, many of them in duplicate, from Alfonso VI., King of Portugal, and his ministers [Luis de Sousa e Vasconcellos], Conde de Castello Melhor, and Antonio de Sousa de Macedo, to Fran	1662-1666	Western Manuscripts	survives					
BL Archives and Manuscripts	Stowe MS 387		Mid 15th century	Western Manuscripts	survives					
BL Archives and Manuscripts	Add MS 6875	Letters of various distinguished persons (royal, aristocratic, papal) of continental Europe (France, Italy, Poland, Spain, Hungary, Austria) A further volume of the above (6874)	1592-1616	Western Manuscripts	survives					
BL Archives and Manuscripts	Cotton MS Vitellius B XIII	Records and papers concerning England and Rome, 1530–1532	2nd quarter of the 16th century	Western Manuscripts	survives				very high	25
BL Archives and Manuscripts	Add MS 39779		1598-1808	Western Manuscripts	survives					
BL Archives and Manuscripts	Add MS 46822		1790-1814	Western Manuscripts	survives					
BL Archives and Manuscripts	Add MS 8766-8768	 CARAFA LETTER-BOOKS: Dispatches from Cardinals Francesco and Antonio Barberini to Pier Luigi Carafa as papal nuncio to Cologne (17 Apr. 1624 - 20 Nov. 1634); 1624-1635. Italian, Latin and Spanish. Si	1624-1635	Western Manuscripts	survives					
BL Archives and Manuscripts	Add MS 30305-30306	 CORRESPONDENCE Of the family of Fairfax, of Denton, co. York, chiefly on private affairs ; 1600-1827. In vol. i. are several letters and papers relating to the endowment by William Ackroyd, Rector of	1600-1827	Western Manuscripts	survives					
BL Archives and Manuscripts	Add MS 8351	 RELAZIONE AND LETTER relating to Spain, Milan, Naples and Sicily; circa 1555-1653. Italian. Copies. Table of contents (f. ii), added later. Old signature in pencil 'Tom. CIX' in upper right corner of	c 1555-1653	Western Manuscripts	survives					
BL Archives and Manuscripts	Add MS 8774	 CHIGI LETTER-BOOK: Register of correspondence of Fabio Chigi, Bishop of Nardò and future Pope Alexander VII, when envoy extraordinary of Pope Innocent X to the conference of Münster (1644 - 1651); 16	1644-1650	Western Manuscripts	survives					
BL Archives and Manuscripts	Mss Eur C307/2		Unspecified	India Office Records and Private Papers	survives					
BL Archives and Manuscripts	Add MS 38504		22 Nov 1726	Western Manuscripts	survives					
BL Archives and Manuscripts	Add MS 8527-8530	 FONTANINI LETTER-BOOKS; 1703-1726. Italian and Latin. Copies, partly in cipher. Letters of Giusto Fontanini (1666-1736), abbot of Sesto al Reghena (1711), archbishop of Ancyra (1725), cameriere d'ono	1703-1726	Western Manuscripts	survives					
BL Archives and Manuscripts	Add MS 8770		1634-1638	Western Manuscripts	survives					
BL Archives and Manuscripts	Add MS 8370	 BAGLIONI LETTER-BOOK: Registers of dispatches to and from Malatesta Baglioni, Bishop of Pesaro, as papal nuncio to the Emperor Ferdinand II (8 Sept. 1634 - 8 Aug. 1639); 1634-1637. Italian. Copies. T	1634-1637	Western Manuscripts	survives					
BL Archives and Manuscripts	Add MS 12097		1536?-1697	Western Manuscripts	survives					
BL Archives and Manuscripts	Add MS 8526	 MARIA CASIMIRA, QUEEN OF POLAND: Letters to Clement XI; 1702-1709. French and Italian. Partly in cipher. Autograph. Collection of letters sent to Pope Clement XI (1700-1721) by Queen Marie Casimire S	1702-1709	Western Manuscripts	survives					
BL Archives and Manuscripts	Cotton MS Vitellius B VII	Records and papers concerning England and Rome, 1525	1st half of the 16th century	Western Manuscripts	survives				very high	25
BL Archives and Manuscripts	Add MS 43073		8 Jul 1813-16 Sep 1813	Western Manuscripts	survives					
BL Archives and Manuscripts	Add MS 8753	 GUIDI DEL BAGNO LETTER-BOOK: Dispatches and letters of Niccolò Guidi del Bagno, Bishop of Athens, nuncio to France 25 June 1643 - Dec. 1656; 1655-1657. Italian and Latin. Copies. The dispatches are m	1655-1657	Western Manuscripts	survives					
BL Archives and Manuscripts	Add MS 43077		12 Feb 1814-17 Aug 1814	Western Manuscripts	survives					
BL Archives and Manuscripts	Add MS 43230		1809-1820	Western Manuscripts	survives					
BL Archives and Manuscripts	Cotton MS Galba B VII	Records and papers concerning England and Burgundy, 1521–1522	1st quarter of the 16th century	Western Manuscripts	survives				very high	25
BL Archives and Manuscripts	Add MS 4279		c 1624-1683	Western Manuscripts	survives					
BL Archives and Manuscripts	Harley MS 296	 A collection of original letters and transcripts, concerning Spain, Portugal, Italy, Germany, Denmark, Russia and Morocco 	1st quarter of the 16th century-1st quarter of the 17th century	Western Manuscripts	survives					
BL Archives and Manuscripts	Harley MS 297	 Transcripts of letters and papers concerning state and foreign affairs, mostly during the reigns of Henry VII and Henry VIII 	1st quarter of the 17th century	Western Manuscripts	survives					
BL Archives and Manuscripts	Add MS 38373		1642-1764	Western Manuscripts	survives					
BL Archives and Manuscripts	Add MS 33594	Correspondence and Papers of Sir Ralph Sadler, Volume IV (1580-1585)	1580-1585	Western Manuscripts	survives					
BL Archives and Manuscripts	Add MS 43229		1801-1808	Western Manuscripts	survives					
BL Archives and Manuscripts	Cotton MS Vespasian C VIII	Records and papers (originals and transcripts) concerning Anglo-Spanish relations, 1587-1603	1587-1631	Western Manuscripts	survives				very high	25
BL Archives and Manuscripts	Add MS 32499	 LETTER-BOOK of John Wallis, D.D., Savilian Professor of Astronomy at Oxford, decipherer of political correspondence to the government, etc., containing originals and copies of ciphered letters, with 	1651-1701	Western Manuscripts	survives					
BL Archives and Manuscripts	Add MS 46837		1803-1861	Western Manuscripts	survives					
BL Archives and Manuscripts	Add MS 8280	 MISCELLANEOUS COLLECTION of relazioni, discourses, tracts, letters, treaties, papal instructions and investitures relating to the Papacy, Venice, Turkey, Siena, Tuscany, the Council of Trent, Aragon,	17th century	Western Manuscripts	survives					
BL Archives and Manuscripts	Add MS 38571		c 1798-c 1812	Western Manuscripts	survives					
BL Archives and Manuscripts	Add MS 28698	 ORIGINAL letters and papers of the royal family and nobility of Spain, etc.; 1483-1616. Spanish. 1. Isabella of Castile to Don Alfonso de Cordova de la casa de Aguilar; Madrid, 18 Mar. 1483. Signed. 	1483-1616	Western Manuscripts	survives					
BL Archives and Manuscripts	Cotton MS Galba B IV	Records and papers concerning England and Burgundy, 1516	c. 1516	Western Manuscripts	survives				very high	25
BL Archives and Manuscripts	Mss Eur F699/1/1/3/4	Letters from the Commander in Chief: General Sir Colin Campbell	18 Aug 1857-30 Dec 1857	India Office Records and Private Papers	survives				not assessed (1 of 5 opened: see N/A note, item 30 in Mss Eur F699/1/1/3/4 is a genuine cipher message to Outram, 10 Nov 1857)	
BL Archives and Manuscripts	Add MS 21382	 OFFICIAL letters and papers relating to the negotiations of Margaret of Savoy, Archduchess of Austria and Governess of the Low Countries, with the different States of Europe from 1467 to 1627: 1. Ant	[1467]-[1610]	Western Manuscripts	survives					
BL Archives and Manuscripts	Add MS 48049	Papers relating to Scotland and Mary, Queen of Scots, 1565-c. 1600	1560-1605	Western Manuscripts	survives					
BL Archives and Manuscripts	Cotton MS Vespasian C I	 Correspondence concerning England and Spain, 1511-1520 	1511-1520	Western Manuscripts	survives				very high	25
BL Archives and Manuscripts	Mss Eur F699/1/2/2/184	‘No. 70 Private Secretary’s Correspondence’, Nos. 6901 to 6950	Mar 1860-Apr 1860	India Office Records and Private Papers	survives				not assessed (1 of 5 opened: see N/A note, item 30 in Mss Eur F699/1/1/3/4 is a genuine cipher message to Outram, 10 Nov 1857)	
BL Archives and Manuscripts	Cotton MS Caligula C VI	Records and papers (originals and copies) concerning England and Scotland, 1580–1581	1580-1st half of the 17th century	Western Manuscripts	survives				very high	25
BL Archives and Manuscripts	Cotton MS Galba D III	Records and papers concerning England and the Low Countries, 1588–1589	1588-1589	Western Manuscripts	survives				very high	25
BL Archives and Manuscripts	Add MS 8716	 FARNESE CORRESPONDENCE RELATING TO FRANCE AND PORTUGAL; 1539-1540, 1560-1564. Italian. Copies, partly in cipher. Correspondence of Cardinal Alessandro Farnese (1520-1589), nephew of Pope Paul III Far	1539-1564	Western Manuscripts	survives					
BL Archives and Manuscripts	Add MS 62401	 PAPAL DIPLOMACY: letters to Abbate Atto Melani, when Auditor in Paris; 1699-1702. Partly in cipher with deciphering. Italian. For related material, see the papers of Cardinal Filippo Antonio Gualteri	1699-1702	Western Manuscripts	survives					
BL Archives and Manuscripts	Add MS 20426-20431	 LETTERS of the Abbate Pietro Francesco Albicini to Card. Gualterio; 1707-1718. Ital. Holograph; a few in cipher, with decipherings. Six volumes. Paper. Quarto and Folio. 	1707-1718	Western Manuscripts	survives					
BL Archives and Manuscripts	Add MS 26851-26854	 ORIGINAL, letters from the court of Rome to Monsignore de' Massimi, Nincio in Spain; Dec. 1653-Aug. 1658. Some in cipher. Ital. and Lat. Four volumes. Among the writers are:- Cardinal [Camillo] Pamph	Dec 1653-Aug 1658	Western Manuscripts	survives					
BL Archives and Manuscripts	Add MS 18662	" ORIGINAL letters endorsed with the name ""Pellegrino,"" and subscribed ""Del Luoco Antico,"" or ""Solito,"" or signed ""Il Solito,"" to an agent (apparently Giovanni Maria Massara; see fol. 93) of Cardinal A"	17th century	Western Manuscripts	survives					
BL Archives and Manuscripts	Add MS 20318-20319	 LETTERS of [Jean Baptiste Colbert, Marquis de] Torcy [French Secretary of State for Foreign Affairs] to Card. Gualterio; 19 July, 1700-17 Dec. 1726. Fr. Signed, or holograph. Many in cipher, with dec	1700-1727	Western Manuscripts	survives					
BL Archives and Manuscripts	Add MS 20338-20339	 LETTERS of [Henri Charles Arnaud], Abbé de Pomponne [French Ambassador at Venice], to Card. Gualterio; dat. Venice, to the end of 1709, and subsequently at Paris, Versailles, etc., 10 Dec. 1706-5 Jan	10 Dec 1706-5 Jan 1730	Western Manuscripts	survives					
BL Archives and Manuscripts	Add MS 20365-20366	 LETTERS of [Michel] Amelot [afterwards Marquis de Gournay] to Card. Gualterio; dated from Madrid, 22 Sept. 1705- 7 March, 1709, while he was French Ambassador in Spain; from Rome, 2 March-31 July, 17	22 Sep 1705-8 May 1724	Western Manuscripts	survives					
BL Archives and Manuscripts	Add MS 20369-20370	 LETTERS of [Joseph] de la Tour Guion, Bishop of Cavaillon [afterwards Archbishop of Avignon], to Card. Gualterio; Rome, 5 Jan. 1707-4 Dec. 1725. Fr. Holograph. Partly in cipher, with decipherings. Tw	5 Jan 1707-4 Dec 1725	Western Manuscripts	survives					
BL Archives and Manuscripts	Add MS 20371-20380	 LETTERS of Alessandro Abbate Tamisier, to Card. Gualterio, on political and personal matters; Ravenna, Paris, etc., 23 June, 1706-30 Aug. 1728. Fr. and Ital. Holograph, or in a secretary's hand. Some	23 Jun 1706-30 Aug 1728	Western Manuscripts	survives					
BL Archives and Manuscripts	Add MS 20416-20420	 LETTERS of Cardinal Francesco Acquaviva [Papal Nuncio in Spain in 1706, and afterwards Cardinal Protector of Spain and Minister of the King of Spain at Rome] to Card. Gualterio; 4 July, 1706-12 Dec. 	14 Feb 1706-12 Dec 1724	Western Manuscripts	survives					
BL Archives and Manuscripts	Add MS 20466-20467	 LETTERS of Card. Pietro Otthoboni [Bishop of Ostia, Protector of France at the Court of Rome, etc.] to Card. Gualterio; Rome, etc., 15 June, 1706-5 Oct. 1726. Ital. Holograph, or signed; many in ciph	15 Jun 1706-5 Oct 1726	Western Manuscripts	survives					
BL Archives and Manuscripts	Add MS 20473-20474	 LETTERS of the Abbate Rainiero Simonetti [Auditor of the Nunciature of Naples, Governor of Masserano, subsequently Cardinal] to Card. Gualterio; Brussels, Naples, Osimo, Masserano, Rome, etc., 24 Apr	24 Apr 1706-11 Jun 1724	Western Manuscripts	survives					
BL Archives and Manuscripts	Add MS 20510-20511	 LETTERS of [Luigi] Marquis of Bentivoglio, to Card. Gualterio; Ferrara, 13 August, 1707-15 Dec. 1717. Ital. Holograph, or in a secretary's hand. Many in cipher. Two volumes. Included are letters from	13 Aug 1707-15 Dec 1717	Western Manuscripts	survives					
BL Archives and Manuscripts	Add MS 20532-20533	 LETTERS of the Princesse des Ursins [Anne Marie, daughter of Louis de Trémoille, Duc de Noirmoutier, and wife successively of Adrien Blaise de Taleyran, Prince de Chalais, and of Flavio Orsini, Duke 	10 Mar 1703-14 Dec 1724	Western Manuscripts	survives					
BL Archives and Manuscripts	Add MS 20554-20556	 LETTERS of Count F de Vernon [Sardinian Minister in France, 1719-1723] to Card. Gualterio; Turin, Paris, etc., 31 Jan. 1713-15 Jan. 1727. Ital. Holograph, or signed; many in cipher. Included are a fe	31 Jan 1713-12 Feb 1727	Western Manuscripts	survives					
BL Archives and Manuscripts	Add MS 20567-20568	 LETTERS of D. Carlos Felipe Antonio Spinola Colonna [Marques de los Balbases, Viceroy of Sicily, etc.] to Card. Gualterio; Genoa, Palermo, Messina, Madrid, etc., 8 Jan. 1706-19 Feb. 1721. Span. Signe	8 Jan 1706-25 Jan 1727	Western Manuscripts	survives					
BL Archives and Manuscripts	Add MS 20570-20571	 LETTERS of the Marques de Villamayor [Spanish Ambassador at Turin, etc.] to Card. Gualterio; Turin and Genoa, 15 Sept. 1703, 5 Aug., 2, 9 Sept. 1704, 25 Nov. 1713-10 Sept. 1721. Spanish. Holograph or	15 Sep 1703-10 Sep 1721	Western Manuscripts	survives					
BL Archives and Manuscripts	Add MS 21375	 THREE dispatches of General [Marquis Conrad de] Rosen, in command of James II.'s army in Ireland; two of which are duplicates, the other being dated, Dublin, 16 May, 1689; and a dispatch of M. de la 	16 May 1689-25 Aug 1690	Western Manuscripts	survives					
BL Archives and Manuscripts	Add MS 21385	 PIÈCES relatives à la marine Française, 1712-1776, viz.: 1. Letter from [Michel] Le Peletier [de Sousi, Director General of Fortifications] to M. Le Blanc; concerning the recapture of the fort of Kno	18th century	Western Manuscripts	survives					
BL Archives and Manuscripts	Add MS 21521	 AUTOGRAPH letters and documents of the reigning houses of Burgundy, Austria, etc.; from 1436 to 1626, viz.: 1. Philip the Good, Duke of Burgundy, to Louis, Count of Würtemberg, extending the term for	1436-1683	Western Manuscripts	survives					
BL Archives and Manuscripts	Add MS 23206	 MISCELLANEOUS English and foreign original letters, etc.; [circa 1492]-1817. The writers are 1. [Frà Girolamo Savonarola?] to Charles [VIII.] of France; n.d. [circa 1492 ?]. Ital. f. 1. 2. [Sir] Adry	[c 1492]-1817	Western Manuscripts	survives					
BL Archives and Manuscripts	Add MS 24157-24166	 ORIGINAL letters from, and a few drafts of letters to, members of the Home Government, chiefly the Earl of Rochford, Viscount Stormont, and Viscount Weymouth, Secretaries of State, and to ministers a	1771-1779	Western Manuscripts	survives					
BL Archives and Manuscripts	Add MS 28621	 ORIGINAL letters by English and foreign writers, and miscellaneous papers; 1517-1757, viz.:- 1. Drafts of letters from Queen Elizabeth to Christian IV., King of Denmark; Greenwich, 27 Apr. a. r. 32 [	1517-1757	Western Manuscripts	survives					
BL Archives and Manuscripts	Add MS 29315	" HISTORICAL papers and letters chiefly relating to England; 1436-1721, viz:- 1. ""La moustre de vint lances a cheval et soysante archers de la retenue de Monsieur de Talbot chevalier banneret;"" Andely-"	1436-1721	Western Manuscripts	survives					
BL Archives and Manuscripts	Add MS 37999	 MISCELLANE0US official papers and letters, many of them being demands or orders for payment for public services, as carrying council letters, victualling ships for Ireland, etc.; 1446, 1561-1718. Amo	1446-1718	Western Manuscripts	survives					
BL Archives and Manuscripts	Egerton MS 1863	 MISCELLANEOUS autograph letters, with accompanying papers; 1525-1787 :- 1. Desiderius Erasmus to Nicholas Everard, President of Holland, relating to Luther's marriage; Basle, 24 Dec. 1525. Lat.; with	1525-1787	Western Manuscripts	survives					
BL Archives and Manuscripts	Add MS 4125		1584-1657	Western Manuscripts	survives					
BL Archives and Manuscripts	Add MS 4365		1654-1714	Western Manuscripts	survives					
BL Archives and Manuscripts	Cotton MS Vespasian F VI	Correspondence and other records (originals and transcripts) concerning England and France, 1572, including letters of Queen Elizabeth I of England (1558–1603), King Charles IX of France (1560–1574), 	1572-1st half of the 17th century	Western Manuscripts	survives				very high	25
BL Archives and Manuscripts	Cotton MS Caligula C IV	Records and papers (originals and copies) concerning England and Scotland, 1568–1575	1573-1st half of the 17th century	Western Manuscripts	survives				very high	25
BL Archives and Manuscripts	Cotton MS Vespasian C VII	Correspondence and other records (originals and transcripts) concerning England and Spain, May 1471–June 1588, including letters of King Henry VIII of England (1509–1547), Charles V, king of Spain (15	1st quarter of the 16th century-1st half of the 17th century	Western Manuscripts	survives				very high	25
BL Archives and Manuscripts	Cotton MS Vitellius B II	Records and papers concerning England and Rome, 1509–1515	1509-1515	Western Manuscripts	survives				very high	25
BL Archives and Manuscripts	Mss Eur D623/29		6 Mar 1800	India Office Records and Private Papers	survives					
BL Archives and Manuscripts	Mss Eur D623/37		9 Jul 1800	India Office Records and Private Papers	survives					
BL Archives and Manuscripts	Mss Eur D623/19		6 May 1799	India Office Records and Private Papers	survives					
BL Archives and Manuscripts	Mss Eur D623/21		10 May 1799	India Office Records and Private Papers	survives					
BL Archives and Manuscripts	Mss Eur D623/41		Unspecified	India Office Records and Private Papers	survives					
BL Archives and Manuscripts	Mss Eur D623/33		8 Jun 1800	India Office Records and Private Papers	survives					
BL Archives and Manuscripts	Add MS 20802		1744-1749	Western Manuscripts	survives					
BL Archives and Manuscripts	Mss Eur D623/9		12 Aug 1798	India Office Records and Private Papers	survives					
BL Archives and Manuscripts	Mss Eur D623/26		20 Dec 1799	India Office Records and Private Papers	survives					
BL Archives and Manuscripts	Mss Eur D623/34		8 Jun 1800	India Office Records and Private Papers	survives					
BL Archives and Manuscripts	Add MS 20313		1719-1727	Western Manuscripts	survives					
BL Archives and Manuscripts	Add MS 8693-8695	 SACCHETTI CORRESPONDENCE AND PAPERS, VOLS. I-III: secret dispatches, diplomatic and other letters, and papers of Cardinal Giulio Sacchetti, arranged in three registers; 1624-1626. The recipients of t	1624-1626	Western Manuscripts	survives	registers of secret dispatches, 'partly in cipher' per top-level scope note			high	33
BL Archives and Manuscripts	Add MS 8696		27 Feb 1624-22 Apr 1626	Western Manuscripts	survives					
BL Archives and Manuscripts	Mss Eur D623/13		12 Nov 1798	India Office Records and Private Papers	survives					
BL Archives and Manuscripts	Mss Eur D623/16		22 Apr 1799	India Office Records and Private Papers	survives					
BL Archives and Manuscripts	Mss Eur D623/40		17 Feb 1810	India Office Records and Private Papers	survives					
BL Archives and Manuscripts	Add MS 8530		31 Mar 1703-13 Feb 1717	Western Manuscripts	survives					
BL Archives and Manuscripts	Add MS 8698		1623-1626	Western Manuscripts	survives					
BL Archives and Manuscripts	Add MS 20429		3 Jul 1709-31 Dec 1710	Western Manuscripts	survives					
BL Archives and Manuscripts	Mss Eur D623/2		20 Jun 1798	India Office Records and Private Papers	survives					
BL Archives and Manuscripts	Mss Eur D623/12		12 Nov 1798	India Office Records and Private Papers	survives					
BL Archives and Manuscripts	Mss Eur D623/15		16 Mar 1799	India Office Records and Private Papers	survives					
BL Archives and Manuscripts	Mss Eur D623/17		6 May 1799	India Office Records and Private Papers	survives					
BL Archives and Manuscripts	Mss Eur D623/18		6 May 1799	India Office Records and Private Papers	survives					
BL Archives and Manuscripts	Mss Eur D623/25		1799	India Office Records and Private Papers	survives					
BL Archives and Manuscripts	Mss Eur D623/38		7 Mar 1801	India Office Records and Private Papers	survives					
BL Archives and Manuscripts	Mss Eur D623/39		4 Feb 1803	India Office Records and Private Papers	survives					
BL Archives and Manuscripts	Add MS 8527		23 Aug 1721-27 Oct 1725	Western Manuscripts	survives					
BL Archives and Manuscripts	Add MS 8528		30 Sep 1709-24 Dec 1712	Western Manuscripts	survives					
BL Archives and Manuscripts	Add MS 8529		23 Aug 1706-21 Dec 1726	Western Manuscripts	survives					
BL Archives and Manuscripts	Mss Eur D623/7		13 Jul 1798	India Office Records and Private Papers	survives					
BL Archives and Manuscripts	Mss Eur D623/20		10 May 1788	India Office Records and Private Papers	survives					
BL Archives and Manuscripts	Mss Eur D623/31		29 Apr 1800	India Office Records and Private Papers	survives					
BL Archives and Manuscripts	Mss Eur D623/32		29 Apr 1800	India Office Records and Private Papers	survives					
BL Archives and Manuscripts	Mss Eur D623/1		1798	India Office Records and Private Papers	survives					
BL Archives and Manuscripts	Mss Eur D623/3		20 Jun 1798	India Office Records and Private Papers	survives					
BL Archives and Manuscripts	Mss Eur D623/6		10 Jul 1798	India Office Records and Private Papers	survives					
BL Archives and Manuscripts	Mss Eur D623/8		1798	India Office Records and Private Papers	survives					
BL Archives and Manuscripts	Mss Eur D623/14		21 Nov 1798	India Office Records and Private Papers	survives					
BL Archives and Manuscripts	Add MS 4274		c 1551-1721	Western Manuscripts	survives					
BL Archives and Manuscripts	Add MS 20246		3 May 1701-26 Jul 1701	Western Manuscripts	survives					
BL Archives and Manuscripts	Add MS 26853		Dec 1653-Aug 1658	Western Manuscripts	survives					
BL Archives and Manuscripts	Add MS 20331		21 Aug 1719-1 May 1721	Western Manuscripts	survives					
BL Archives and Manuscripts	Add MS 20427		2 Jul 1707-31 Dec 1707	Western Manuscripts	survives					
BL Archives and Manuscripts	Add MS 20428		11 Jan 1708-29 Jun 1709	Western Manuscripts	survives					
BL Archives and Manuscripts	Add MS 20430		3 Jan 1711-20 Aug 1718	Western Manuscripts	survives					
BL Archives and Manuscripts	Add MS 20431		1707-1718	Western Manuscripts	survives					
BL Archives and Manuscripts	Add MS 26851		Dec 1653-Aug 1658	Western Manuscripts	survives					
BL Archives and Manuscripts	Add MS 26852		Dec 1653-Aug 1658	Western Manuscripts	survives					
BL Archives and Manuscripts	Cotton MS Caligula B VII	Records and papers (originals and copies) concerning England and Scotland, 1525–1556	16th century-17th century	Western Manuscripts	survives				very high	25
BL Archives and Manuscripts	Cotton MS Caligula D I	Records and papers concerning England and Scotland, 1587–1589	1587-1589	Western Manuscripts	survives				very high	25
BL Archives and Manuscripts	Cotton MS Titus B VII	Letters to the Earls of Leicester, Sussex and others	1558-1625	Western Manuscripts	survives				very high (see N40)	
BL Archives and Manuscripts	Add MS 8693		13 Apr 1624-30 Jul 1625	Western Manuscripts	survives					
BL Archives and Manuscripts	Add MS 8694		1624-1626	Western Manuscripts	survives					
BL Archives and Manuscripts	Add MS 8695		Feb 1624-Jun 1626	Western Manuscripts	survives					
BL Archives and Manuscripts	Add MS 20426		1 Jan 1707-29 Jun 1707	Western Manuscripts	survives					
BL Archives and Manuscripts	Add MS 26854		Dec 1653-Aug 1658	Western Manuscripts	survives					
BL Archives and Manuscripts	Add MS 20652		7 May 1755-31 Dec 1755	Western Manuscripts	survives					
BL Archives and Manuscripts	Add MS 20655		1 Jun 1757-15 Aug 1759	Western Manuscripts	survives					
BL Archives and Manuscripts	Mss Eur F699/1/1/1/17	 Letters from the Governor of Bombay 	10 Apr 1860-10 Aug 1861	India Office Records and Private Papers	survives				not assessed (1 of 5 opened: see N/A note, item 30 in Mss Eur F699/1/1/3/4 is a genuine cipher message to Outram, 10 Nov 1857)	
BL Archives and Manuscripts	Sloane MS 1519		17th century	Western Manuscripts	survives					
BL Archives and Manuscripts	Add MS 6874	Letters of various distinguished persons (royal, aristocratic, papal) of continental Europe (France, Italy, Poland, Spain, Hungary, Austria)	1592-1616	Western Manuscripts	survives					
BL Archives and Manuscripts	Harley MS 6531	Notebook of Humfrey Wanley	c 1683-1687	Western Manuscripts	survives					
BL Archives and Manuscripts	Harley MS 1284	A theological tract, titled ‘The English hipochrite And the Romish Pharisie, unmasked’ by John Walker	c 1621	Western Manuscripts	survives					
BL Archives and Manuscripts	Mss Eur F699/1/1/2/15	Copy Letters to Members of Council in India	17 Mar 1856-1 Mar 1862	India Office Records and Private Papers	survives				not assessed (1 of 5 opened: see N/A note, item 30 in Mss Eur F699/1/1/3/4 is a genuine cipher message to Outram, 10 Nov 1857)	
BL Archives and Manuscripts	Harley MS 565	 Chronicle of London; an English poem on the expedition of Henry V into France; John Lydgate, King Henry VI's Triumphal Entry into London 	c 1444	Western Manuscripts	survives					
BL Archives and Manuscripts	Harley MS 632	 John of Wales, Ordinarium sive Alphabetum vite religiose, Communiloquium, Summa Justiciae, and other works 	1438	Western Manuscripts	survives					
BL Archives and Manuscripts	Photo 911(15)	 Reproduction of plate (magnesium flash) (undeciphered) Indian inscription at 'Penha Verde', Cintra, near Lisbon. Photographer: Unknown 	1920s	Visual Arts	survives					
BL Archives and Manuscripts	Seal CXLVI 60	 Seal of unidentified Byzantine official 	6th century-7th century	Western Manuscripts	survives					
BL Archives and Manuscripts	Seal CLIII 16	Seal of Zosimas	6th century-7th century	Western Manuscripts	survives					
BL Archives and Manuscripts	Photo 2/1(47)	 [Unidentified portrait.] Photographer: Unknown 	1880s	Visual Arts	survives	unrelated portrait photograph (false match)			n/a (not a cipher)	
BL Archives and Manuscripts	Photo 2/1(51)	 [Unidentified man.] Photographer: Unknown 	1880s	Visual Arts	survives	unrelated portrait photograph (false match)			n/a (not a cipher)	
BL Archives and Manuscripts	Photo 2/1(53)	 [Unidentified man, possibly 'Urqhuart'.] Photographer: Unknown 	1890s	Visual Arts	survives	unrelated portrait photograph (false match)			n/a (not a cipher)	
BL Archives and Manuscripts	Mss Eur F223/110(36)	 [?]Eiltisan, Kaghan Valley. Photographer: Muspratt, Sydney Frederick 	1906-1907	Visual Arts	survives					
BL Archives and Manuscripts	Seal XL 88	 Seal of an unknown Byzantine official 	Late 7th century - Early 8th century	Western Manuscripts	survives					
BL Archives and Manuscripts	Johnson 58,7	 A young Muslim courtier 	1770-1780	Visual Arts	survives					
BL Archives and Manuscripts	Mss Eur F223/111(3)	 [Military group] Zakha Khel Expedition. Photographer: Holmes, William (James) Dacia 	1908	Visual Arts	survives					
BL Archives and Manuscripts	Add MS 81805(1)	 Portrait of Lord Alfred Douglas, taken in Cairo. Photographer: Unknown 	c 1893	Western Manuscripts	survives					
BL Archives and Manuscripts	Photo 911(16)	 [Indian inscription found at Penha Verde, Cintra, near Lisbon.] Photographer: Unknown 	1920s	Visual Arts	survives					
BL Archives and Manuscripts	Add MS 57945	 JOHN STOW (d.1605): list of English and Welsh parish livings and religious establishments; circa 1541. Autograph. This work, which was compiled late 16th cent., is based on an unidentified source to 	c 1541	Western Manuscripts	survives					
BL Archives and Manuscripts	Add MS 63742	 HENRY STANLEY, 4TH EARL OF DERBY: collection of letters and papers on affairs of state, etc.; circa 1583-1589. Copies in the hand of a secretary in Derby's household. A description of the manuscript,	1578-1589	Western Manuscripts	survives					
BL Archives and Manuscripts	Add MS 78167	 WILLIAM SMITH, ROUGE DRAGON PURSUIVANT: Description of Nuremberg; 20 Aug. 1594. Autograph. The full title (f. 7) reads ‘A Breef Description Of The Famous and Bewtifull Cittie of Noremberg, In Germany	20 Aug 1594	Western Manuscripts	survives					
BL Archives and Manuscripts	Mss Eur F197/653(43)	 Gulmarg [word undeciphered] and the snowy ranges to the south. Photographer: Unknown 	c 1905	Visual Arts	survives					
BL Archives and Manuscripts	Mss Eur F197/655(11)	 Mustagh P. and K2, Baltoro gl. on sunset from the glacier [word undeciphered] below [?]Chogolisa-lattel. Photographer: Sella, Vittorio 	1909	Visual Arts	survives					
BL Archives and Manuscripts	16100.c.30	Seiashō 井蛙抄	1648	Oriental Manuscripts	survives					
BL Archives and Manuscripts	Or 12258	Ḥayyim Vital's Sheʿarim	1805-1808	Oriental Manuscripts	survives					
BL Archives and Manuscripts	16006.c.26	[Ikkyū mizukagami] [一休水鏡]	[1615-1644]	Oriental Manuscripts	survives					
BL Archives and Manuscripts	16027.d.16	Chadō benmōshō 茶道便蒙抄	1690	Oriental Manuscripts	survives					
BL Archives and Manuscripts	16055.c.32	Ketsugishō 闕疑抄	1668	Oriental Manuscripts	survives					
BL Archives and Manuscripts	Delhi Persian 861	Miscellaneous works on alchemy, medicine, and genealogy, 8 items (a-h)	1769-1831	Oriental Manuscripts	survives					
BL Archives and Manuscripts	16107.h.14	Kanninki 堪忍記	1664	Oriental Manuscripts	survives					
BL Archives and Manuscripts	16084.d.2	Yōshū fushi 雍州府志	1686	Oriental Manuscripts	survives					
BL Archives and Manuscripts	16055.c.43	Utsuho monogatari うつほ物語	1660	Oriental Manuscripts	survives					
BL Archives and Manuscripts	16055.cc.2	Yamato&nbsp;monogatari&nbsp;shusho&nbsp;大和物語首書&nbsp;	1657	Oriental Manuscripts	survives					
BL Archives and Manuscripts	Harley MS 4146	An English Alphabet of Arms	1572	Western Manuscripts	survives					
BL Archives and Manuscripts	16125.d.34	Chie kagami 知惠鑑 [知恵鑑]	1660	Oriental Manuscripts	survives					
BL Archives and Manuscripts	Or.75.b.4	Heike monogatari 平家物語	[1600-1615]	Oriental Manuscripts	survives					
BL Archives and Manuscripts	Or.75.g.1	Genkō shakusho 元亨釋書 [元亨釈書]	1624	Oriental Manuscripts	survives					
BL Archives and Manuscripts	Or 1526	 'Ajāʾib al-dunyā عجائب الدنيا Ibn Waṣīf Shāh, Ibrāhīm ابن وصيف شاه، إبراهيم 	24 Shawwāl 1093	Oriental Manuscripts	survives					
BL Archives and Manuscripts	Add MS 47682	Bible (the 'Holkham Bible Picture Book')	c 1327-1335	Western Manuscripts	survives					
Gallica SRU	https://gallica.bnf.fr/ark:/12148/btv1b53289618m	[Recueil de chansons populaires]	1840-1860	Bibliothèque nationale de France. Département des Manuscrits. Supplément Persan 1134	survives	matched on 'chiffre' phrase query but title is a literary/liturgical manuscript or an unrelated printed book, not a cipher letter			n/a (not a cipher candidate)	
Gallica SRU	https://gallica.bnf.fr/ark:/12148/btv1b100874237	[Recueil de chansons populaires]	1840-1860	Bibliothèque nationale de France. Département des Manuscrits. Supplément Persan 1134	survives	matched on 'chiffre' phrase query but title is a literary/liturgical manuscript or an unrelated printed book, not a cipher letter			n/a (not a cipher candidate)	
Gallica SRU	https://gallica.bnf.fr/ark:/12148/btv1b100765570	Homeliarum (partie d'hiver)	1150-1200	Bibliothèque nationale de France. Département des Manuscrits. Latin 794	survives	matched on 'chiffre' phrase query but title is a literary/liturgical manuscript or an unrelated printed book, not a cipher letter			n/a (not a cipher candidate)	
Gallica SRU	https://gallica.bnf.fr/ark:/12148/btv1b10033706z	Cartulaire ( Livre noir ) de l'abbaye de Saint-Florent-lès-Saumur .	1001-1200	Bibliothèque nationale de France. Département des manuscrits. NAL 1930	survives	matched on 'chiffre' phrase query but title is a literary/liturgical manuscript or an unrelated printed book, not a cipher letter			n/a (not a cipher candidate)	
Gallica SRU	https://gallica.bnf.fr/ark:/12148/btv1b90661947	Euclides, Geometria	1301-1400	Bibliothèque nationale de France. Département des Manuscrits. Latin 7374	survives	matched on 'chiffre' phrase query but title is a literary/liturgical manuscript or an unrelated printed book, not a cipher letter			n/a (not a cipher candidate)	
Gallica SRU	https://gallica.bnf.fr/ark:/12148/btv1b107208810	Evrart de Conty, Le livre des Problemes de Aristote. Le livre des Problemes de Aristote - Ire partie	1380-1385	Bibliothèque nationale de France. Département des Manuscrits. Français 24281	survives	matched on 'chiffre' phrase query but title is a literary/liturgical manuscript or an unrelated printed book, not a cipher letter			n/a (not a cipher candidate)	
Gallica SRU	https://gallica.bnf.fr/ark:/12148/btv1b10539585h	Bible. A.T. Prophètes (hébreu) נביאים		Bibliothèque nationale de France. Département des Manuscrits. Hébreu 86	survives	matched on 'chiffre' phrase query but title is a literary/liturgical manuscript or an unrelated printed book, not a cipher letter			n/a (not a cipher candidate)	
Gallica SRU	https://gallica.bnf.fr/ark:/12148/btv1b8438665s	Theodoric Borgognoni , Cyrurgia , traduit en catalan par Galien de Majorque ; Giordano Ruffo de Calabre , Cirurgia dels cavals ; Llibre dell nodriment i de la cura dells ocels ; Razi , Llibre d'Almans	1350-1400	Bibliothèque nationale de France. Département des Manuscrits. Espagnol 212	survives	matched on 'chiffre' phrase query but title is a literary/liturgical manuscript or an unrelated printed book, not a cipher letter			n/a (not a cipher candidate)	
Gallica SRU	https://gallica.bnf.fr/ark:/12148/btv1b10547732g	Gregorius Magnus, Regula pastoralis.	1001-1050	Bibliothèque nationale de France. Département des Manuscrits. Latin 2799	survives	matched on 'chiffre' phrase query but title is a literary/liturgical manuscript or an unrelated printed book, not a cipher letter			n/a (not a cipher candidate)	
Gallica SRU	https://gallica.bnf.fr/ark:/12148/btv1b105507721	Latin 2137	0901-0950 1051-1100	Bibliothèque nationale de France. Département des Manuscrits. Latin 2137	survives	matched on 'chiffre' phrase query but title is a literary/liturgical manuscript or an unrelated printed book, not a cipher letter			n/a (not a cipher candidate)	
Gallica SRU	https://gallica.bnf.fr/ark:/12148/btv1b10866577q	Infortiatum, cum glossis	1201-1300	Bibliothèque nationale de France. Département des Manuscrits. Latin 4472	survives	matched on 'chiffre' phrase query but title is a literary/liturgical manuscript or an unrelated printed book, not a cipher letter			n/a (not a cipher candidate)	
Gallica SRU	https://gallica.bnf.fr/ark:/12148/btv1b8452649c	Infortiatum, cum glossis	1201-1300	Bibliothèque nationale de France. Département des Manuscrits. Latin 4472	survives	matched on 'chiffre' phrase query but title is a literary/liturgical manuscript or an unrelated printed book, not a cipher letter			n/a (not a cipher candidate)	
Gallica SRU	https://gallica.bnf.fr/ark:/12148/btv1b8452772z	Priscianus Caesariensis, Ars grammatica (sive Institutiones grammaticae), libri I-XV.	1101-1200	Bibliothèque nationale de France. Département des Manuscrits. Latin 7511	survives	matched on 'chiffre' phrase query but title is a literary/liturgical manuscript or an unrelated printed book, not a cipher letter			n/a (not a cipher candidate)	
Gallica SRU	https://gallica.bnf.fr/ark:/12148/btv1b9059601z	Honorius Augustodunensis, Lucidaire ; Horloge de Sapience ; Jean Petit, Justification de monseigneur de Bourgogne .	1401-1500	Bibliothèque nationale de France. Département des manuscrits. Français 991	survives	matched on 'chiffre' phrase query but title is a literary/liturgical manuscript or an unrelated printed book, not a cipher letter			n/a (not a cipher candidate)	
Gallica SRU	https://gallica.bnf.fr/ark:/12148/btv1b100773401	Nicolau de Pachs, Doctrina moral ; Francesc Eximenis, Doctrina compendiosa de viure justament ; Bernat Metge, Apologia ; Jafuda Bonsenyor, Libro de palabras y dichos de sabios y filósofos ; Arnau de C	1401-1500	Bibliothèque nationale de France. Département des Manuscrits. Espagnol 55	survives	matched on 'chiffre' phrase query but title is a literary/liturgical manuscript or an unrelated printed book, not a cipher letter			n/a (not a cipher candidate)	
Gallica SRU	https://gallica.bnf.fr/ark:/12148/btv1b6000302j	Roman de la rose	1390-1410	Bibliothèque nationale de France. Département des Manuscrits. Français 797	survives	matched on 'chiffre' phrase query but title is a literary/liturgical manuscript or an unrelated printed book, not a cipher letter			n/a (not a cipher candidate)	
Gallica SRU	https://gallica.bnf.fr/ark:/12148/btv1b10866374m	Roman de la rose	1390-1410	Bibliothèque nationale de France. Département des Manuscrits. Français 797	survives	matched on 'chiffre' phrase query but title is a literary/liturgical manuscript or an unrelated printed book, not a cipher letter			n/a (not a cipher candidate)	
Gallica SRU	https://gallica.bnf.fr/ark:/12148/btv1b90599470	Jean Mansel, La Fleur des histoires (tome II)	1470-1475	Bibliothèque nationale de France. Département des Manuscrits. Français 300	survives	matched on 'chiffre' phrase query but title is a literary/liturgical manuscript or an unrelated printed book, not a cipher letter			n/a (not a cipher candidate)	
Gallica SRU	https://gallica.bnf.fr/ark:/12148/btv1b10842584s	Hanūmān nāṭaka, par Hridā Rāma Bhallā	1843	Bibliothèque nationale de France. Département des Manuscrits. Indien 692	survives	matched on 'chiffre' phrase query but title is a literary/liturgical manuscript or an unrelated printed book, not a cipher letter			n/a (not a cipher candidate)	
Gallica SRU	https://gallica.bnf.fr/ark:/12148/btv1b10866437p	Wauchier de Denain , Histoire ancienne .	1280-1320	Bibliothèque nationale de France. Département des Manuscrits. Français 1386	survives	matched on 'chiffre' phrase query but title is a literary/liturgical manuscript or an unrelated printed book, not a cipher letter			n/a (not a cipher candidate)	
Gallica SRU	https://gallica.bnf.fr/ark:/12148/btv1b52507502j	Dante, La divina commedia	1389	Bibliothèque nationale de France. Département des Manuscrits. italien 75	survives	matched on 'chiffre' phrase query but title is a literary/liturgical manuscript or an unrelated printed book, not a cipher letter			n/a (not a cipher candidate)	
Gallica SRU	https://gallica.bnf.fr/ark:/12148/btv1b90645673	Bible. A.T. Prophètes (hébreu) נביאים		Bibliothèque nationale de France. Département des Manuscrits. Hébreu 86	survives	matched on 'chiffre' phrase query but title is a literary/liturgical manuscript or an unrelated printed book, not a cipher letter			n/a (not a cipher candidate)	
Gallica SRU	https://gallica.bnf.fr/ark:/12148/btv1b9072542x	Gregorius Magnus, Regula pastoralis.	1001-1050	Bibliothèque nationale de France. Département des Manuscrits. Latin 2799	survives	matched on 'chiffre' phrase query but title is a literary/liturgical manuscript or an unrelated printed book, not a cipher letter			n/a (not a cipher candidate)	
Gallica SRU	https://gallica.bnf.fr/ark:/12148/btv1b52511804t	Evrart de Conty, Le livre des Problemes de Aristote. Le livre des Problemes de Aristote - Ire partie	1380-1385	Bibliothèque nationale de France. Département des Manuscrits. Français 24281	survives	matched on 'chiffre' phrase query but title is a literary/liturgical manuscript or an unrelated printed book, not a cipher letter			n/a (not a cipher candidate)	
Gallica SRU	https://gallica.bnf.fr/ark:/12148/btv1b10030234c	ʿAbd al-Ġanī al-Nābulusī al-Ḥanafī al-Qādirī. Tuḥfat al-qabūl fī midḥat al-Rasūl. عبد الغني النابلسي الحنفي القادري. تحفة القلوب في مدحة الرسول	1801-1900	Bibliothèque nationale de France. Département des manuscrits. Arabe 6954	survives	matched on 'chiffre' phrase query but title is a literary/liturgical manuscript or an unrelated printed book, not a cipher letter			n/a (not a cipher candidate)	
Gallica SRU	https://gallica.bnf.fr/ark:/12148/btv1b10866879r	Infortiatum , cum glossis Accursii	1275-1300	Bibliothèque nationale de France. Département des Manuscrits. Latin 4476	survives	matched on 'chiffre' phrase query but title is a literary/liturgical manuscript or an unrelated printed book, not a cipher letter			n/a (not a cipher candidate)	
Gallica SRU	https://gallica.bnf.fr/ark:/12148/btv1b8454689h	Homeliarum (partie d'hiver)	1150-1200	Bibliothèque nationale de France. Département des Manuscrits. Latin 794	survives	matched on 'chiffre' phrase query but title is a literary/liturgical manuscript or an unrelated printed book, not a cipher letter			n/a (not a cipher candidate)	
Gallica SRU	https://gallica.bnf.fr/ark:/12148/btv1b10077327b	Theodoric Borgognoni , Cyrurgia , traduit en catalan par Galien de Majorque ; Giordano Ruffo de Calabre , Cirurgia dels cavals ; Llibre dell nodriment i de la cura dells ocels ; Razi , Llibre d'Almans	1350-1400	Bibliothèque nationale de France. Département des Manuscrits. Espagnol 212	survives	matched on 'chiffre' phrase query but title is a literary/liturgical manuscript or an unrelated printed book, not a cipher letter			n/a (not a cipher candidate)	
Gallica SRU	https://gallica.bnf.fr/ark:/12148/btv1b10523248p	Missale ad usum Parisiensem	1420-1430	Bibliothèque nationale de France. Département des Manuscrits. Latin 831	survives	matched on 'chiffre' phrase query but title is a literary/liturgical manuscript or an unrelated printed book, not a cipher letter			n/a (not a cipher candidate)	
Gallica SRU	https://gallica.bnf.fr/ark:/12148/btv1b8452645q	Hugo de Moritonia. Isidorus Hispalensis.	1101-1200 1101-1200 1150-1200	Bibliothèque nationale de France. Département des Manuscrits. Latin 2542	survives	matched on 'chiffre' phrase query but title is a literary/liturgical manuscript or an unrelated printed book, not a cipher letter			n/a (not a cipher candidate)	
Gallica SRU	https://gallica.bnf.fr/ark:/12148/btv1b550056891	Devis relatif aux cartes de partie de Catalogne qui comprennent le Pais qui se trouve au dela des hautes montagnes de Cady, jusqu'au dela de la Noguera Ribagorsana ou l'on voit le cours de la Segre, c	1758	Bibliothèque nationale de France, MS-6439 (174C)	survives	matched on 'chiffre' phrase query but title is a literary/liturgical manuscript or an unrelated printed book, not a cipher letter			n/a (not a cipher candidate)	
Gallica SRU	https://gallica.bnf.fr/ark:/12148/btv1b90588977	Guillaume de Nangis, Chronique universelle ; Guillaume de Tyr, Histoire de la guerre sainte	1332-1350	Bibliothèque nationale de France. Département des Manuscrits. Français 67	survives	matched on 'chiffre' phrase query but title is a literary/liturgical manuscript or an unrelated printed book, not a cipher letter			n/a (not a cipher candidate)	
Gallica SRU	https://gallica.bnf.fr/ark:/12148/btv1b52525406w	Guillaume de Nangis, Chronique universelle ; Guillaume de Tyr, Histoire de la guerre sainte	1332-1350	Bibliothèque nationale de France. Département des Manuscrits. Français 67	survives	matched on 'chiffre' phrase query but title is a literary/liturgical manuscript or an unrelated printed book, not a cipher letter			n/a (not a cipher candidate)	
Gallica SRU	https://gallica.bnf.fr/ark:/12148/btv1b8436394v	Nicolau de Pachs, Doctrina moral ; Francesc Eximenis, Doctrina compendiosa de viure justament ; Bernat Metge, Apologia ; Jafuda Bonsenyor, Libro de palabras y dichos de sabios y filósofos ; Arnau de C	1401-1500	Bibliothèque nationale de France. Département des Manuscrits. Espagnol 55	survives	matched on 'chiffre' phrase query but title is a literary/liturgical manuscript or an unrelated printed book, not a cipher letter			n/a (not a cipher candidate)	
Gallica SRU	https://gallica.bnf.fr/ark:/12148/bpt6k292828	Négociations diplomatiques de la France avec la Toscane. Tome 5 / documents recueillis par Giuseppe Canestrini ; publ. par Abel Desjardins,...	1859-1886	Bibliothèque nationale de France	survives	matched on 'chiffre' phrase query but title is a literary/liturgical manuscript or an unrelated printed book, not a cipher letter			n/a (not a cipher candidate)	
Gallica SRU	https://gallica.bnf.fr/ark:/12148/cb371287552/date	L'Amitié Charles Péguy / L'Amitié Charles Péguy	1999	L'Amitié Charles Péguy, 2015-98179	survives	matched on 'chiffre' phrase query but title is a literary/liturgical manuscript or an unrelated printed book, not a cipher letter			n/a (not a cipher candidate)	
Gallica SRU	https://gallica.bnf.fr/ark:/12148/bpt6k6549213m	Correspondance authentique de Godefroi, comte d'Estrades, de 1637 à 1660 / publiée pour la Société de l'histoire de France, par A. de Saint-Léger et le docteur L. Lemaire	1924	Bibliothèque nationale de France, département Philosophie, histoire, sciences de l'homme, 8-LA28-41	survives	matched on 'chiffre' phrase query but title is a literary/liturgical manuscript or an unrelated printed book, not a cipher letter			n/a (not a cipher candidate)	
Gallica SRU	https://gallica.bnf.fr/ark:/12148/bpt6k65404798	Les armées françaises dans la Grande guerre. Tome IX. 9,2,ANNEXES3	1930-1939	Bibliothèque nationale de France, département Philosophie, histoire, sciences de l'homme, 4-LH4-4071 (9,2,ANNEXES3)	survives	matched on 'chiffre' phrase query but title is a literary/liturgical manuscript or an unrelated printed book, not a cipher letter			n/a (not a cipher candidate)	
Gallica SRU	https://gallica.bnf.fr/ark:/12148/btv1b90014586	Mélanges se rapportant principalement à l'histoire d'ITALIE.		Bibliothèque nationale de France. Département des Manuscrits. Baluze 188	survives	duplicate ark id for a manuscript already dropped (found-solved) as N4/N5/N9/N10			n/a (duplicate of a dropped row)	
Gallica SRU	https://gallica.bnf.fr/ark:/12148/btv1b90008143	Recueil de lettres originales adressées par diverses personnes aux ducs Charles III, Henri II (1597-1623) et Léopold (1698), à Jean Voillot (1614-1628), au colonel Gronders, gouverneur de Hombourg (16	1501-1800	Bibliothèque nationale de France. Département des Manuscrits. Lorraine 377	survives	duplicate ark id for a manuscript already dropped (found-solved) as N4/N5/N9/N10			n/a (duplicate of a dropped row)	
Gallica SRU	https://gallica.bnf.fr/ark:/12148/btv1b53069062j	« Lettres de plusieurs grands et autres emploiez dans les affaires d'Estat, escrites au Roi [HENRI IV], ès années 1596, 1597, 1598, 1599, 1600, 1601, 1602, 1603, 1604, 1605 et 1606. — Vol. III ».	1501-1700	Bibliothèque nationale de France. Département des Manuscrits. Dupuy 63	survives	duplicate ark id for a manuscript already dropped (found-solved) as N4/N5/N9/N10			n/a (duplicate of a dropped row)	
Gallica SRU	https://gallica.bnf.fr/ark:/12148/btv1b10034035f	« Mémoires servant à l'histoire de PROVENCE et de la ville de MARSEILLE pour les années 1593, 1595 et 1596. »	1501-1700	Bibliothèque nationale de France. Département des Manuscrits. Dupuy 155	survives	duplicate ark id for a manuscript already dropped (found-solved) as N4/N5/N9/N10			n/a (duplicate of a dropped row)	
