line	words	conf	note
f226r_C1	que je communicasse	H	confirmed by zoom, squeezed above cipher group within line "Son sens, qui pouvoit estre..."
f226r_C2	sa despesche a la Reyne	H	confirmed by zoom, gloss phrase above cipher group, continues sentence begun at C1
f226v_C01	et en suitte que je luy fifte	M	two gloss fragments above one cipher line; letterforms read as long-s/f, second word may be "fist"/"fiste"
f226v_C02	sauois ses Intentions	M	first word ambiguous between "sauois" and "fauois" (s/f)
f226v_C03	affez bost respondre	M	three short gloss words above "et que ce seroit [cipher]"; "bost" uncertain
f226v_C04	aux Ministres de ceux de	M	gloss above "L 60 71 8t 33 qo Z v 60 Z 88 36 88"
f226v_C05	Mantoue quand ilz	H
f226v_C06	renouuelleroient leurs	H
f226v_C07	instances	H	matches given anchor: cipher "69 y 82 Z" followed by clear text
f226v_C08	soublier de celle la	M	gloss above "pourront [cipher]"
f226v_C09	et ainsy le titre	H
f226v_C10	Du gouuernement de Nivernois	H
f226v_C11	Le trouuera fortifie	H
f226v_C12	d'une possession	H
f226v_C13	maintenue depuis	H
f226v_C14	son absence du Royaume	H
f227r_C01	quant au droict	H	matches given anchor "54 y"
f227r_C02	en faueur des Ducs de	H	gloss above "estably [cipher]"
f227r_C03	Nivernois quil feroit	H
f227r_C04	impossible de le mettre	H
f227r_C05	en doubte ainsy en	H
f227r_C06	la pensee de la vendre	H
f227r_C07	Vostre Mate trouuerois	M
f227r_C08	de la difficulte mais	H
f227r_C09	pour se le conferner il y a	M	"conferner" likely stands for "conserver"
f227r_C10	vn exemple qui fait pour	H	confirmed by zoom (strip L15)
f227r_C11	elle en ce que le Roy [?] yano	L	word after "Roy" obscured by an ink blot; confirmed by zoom (strip L16) but not resolved
f227r_C12	[del:autre] fais poursuen	M	struck-through word "autre" precedes "fais poursuen"; confirmed by zoom (strip L17)
f227r_C13	au Duc de Nevers	H	confirmed by zoom (strip L18)
f227r_C14	de luy promettre le regres	H	matches given anchor "88 28"
